"Sales of food for all purchasers with taxes and tips, by State",,,,,,,
(Millions of U.S. dollars),,,,,,,
Year,State,Nominal sales - FAH,Nominal sales - FAFH,Total nominal food sales,Constant-dollar sales (1988=100) - FAH,Constant-dollar sales (1988=100) - FAFH,Total constant-dollar food sales
1997,Alabama,5 789.24,3 465.67,9 254.92,4 305.59,2 661.22,6 966.81
1998,Alabama,6 064.19,3 841.10,9 905.29,4 444.25,2 873.78,7 318.04
1999,Alabama,6 408.42,4 101.04,10 509.46,4 623.19,2 995.03,7 618.22
2000,Alabama,6 751.17,4 352.40,11 103.57,4 743.07,3 108.13,7 851.20
2001,Alabama,6 892.75,4 604.09,11 496.84,4 707.94,3 201.94,7 909.88
2002,Alabama,7 027.29,4 845.79,11 873.08,4 738.19,3 295.14,8 033.33
2003,Alabama,7 226.87,5 204.53,12 431.40,4 769.73,3 456.51,8 226.25
2004,Alabama,7 427.68,5 580.12,13 007.80,4 716.31,3 594.77,8 311.08
2005,Alabama,7 751.12,5 922.87,13 673.99,4 823.57,3 708.23,8 531.80
2006,Alabama,7 736.35,6 326.07,14 062.43,4 722.77,3 842.74,8 565.51
2007,Alabama,8 004.18,6 643.92,14 648.10,4 689.59,3 902.51,8 592.10
2008,Alabama,8 412.17,6 794.37,15 206.54,4 618.12,3 815.26,8 433.38
2009,Alabama,8 168.87,6 693.03,14 861.90,4 450.66,3 626.70,8 077.36
2010,Alabama,8 453.69,6 823.93,15 277.62,4 578.88,3 651.09,8 229.97
2011,Alabama,8 932.95,7 195.98,16 128.93,4 602.87,3 766.39,8 369.25
2012,Alabama,9 458.03,7 598.70,17 056.72,4 745.22,3 870.66,8 615.88
2013,Alabama,9 563.54,8 046.12,17 609.65,4 741.80,4 006.59,8 748.39
2014,Alabama,10 050.70,8 650.39,18 701.09,4 864.79,4 208.38,9 073.17
2015,Alabama,10 274.11,9 462.50,19 736.61,4 922.12,4 467.15,9 389.27
2016,Alabama,10 404.31,10 056.22,20 460.54,5 056.33,4 654.41,9 710.74
2017,Alabama,10 902.49,10 691.71,21 594.20,5 310.23,4 850.86,10 161.10
2018,Alabama,11 287.35,11 187.44,22 474.79,5 481.30,4 970.88,10 452.18
2019,Alabama,11 675.07,11 739.01,23 414.08,5 630.83,5 060.38,10 691.21
2020,Alabama,12 419.50,10 885.54,23 305.04,5 786.25,4 567.75,10 354.00
2021,Alabama,13 534.75,13 108.67,26 643.42,6 096.45,5 295.82,11 392.27
2022,Alabama,14 029.71,14 071.37,28 101.08,5 673.78,5 274.84,10 948.62
2023,Alabama,14 488.29,14 944.97,29 433.26,5 562.01,5 230.27,10 792.28
1997,Alaska,1 075.15,760.45,1 835.60,768.72,593.5,1 362.22
1998,Alaska,1 114.66,779.37,1 894.03,773.22,592.44,1 365.66
1999,Alaska,1 190.44,801.14,1 991.58,809.39,596.13,1 405.51
2000,Alaska,1 234.79,859.54,2 094.32,822.72,625.59,1 448.31
2001,Alaska,1 259.99,866.86,2 126.85,805.84,611.6,1 417.44
2002,Alaska,1 275.16,899.06,2 174.23,800.59,614.07,1 414.66
2003,Alaska,1 351.76,966.82,2 318.59,826.39,647.79,1 474.19
2004,Alaska,1 491.69,1 024.58,2 516.27,879.15,666.01,1 545.16
2005,Alaska,1 628.67,1 090.63,2 719.30,951.21,684.43,1 635.64
2006,Alaska,1 722.40,1 166.06,2 888.45,993.99,710.91,1 704.89
2007,Alaska,1 839.52,1 235.79,3 075.30,1 013.84,727.35,1 741.19
2008,Alaska,1 969.37,1 271.74,3 241.11,1 022.34,721.08,1 743.42
2009,Alaska,1 998.30,1 251.40,3 249.69,1 044.96,688.11,1 733.07
2010,Alaska,2 109.71,1 295.61,3 405.32,1 109.88,704.16,1 814.04
2011,Alaska,2 190.07,1 392.26,3 582.33,1 098.48,740.07,1 838.55
2012,Alaska,2 420.03,1 480.24,3 900.27,1 192.31,763.48,1 955.79
2013,Alaska,2 375.75,1 539.81,3 915.56,1 160.11,777.83,1 937.94
2014,Alaska,2 363.20,1 632.20,3 995.40,1 122.64,804.62,1 927.25
2015,Alaska,2 312.76,1 766.16,4 078.92,1 080.56,846.32,1 926.89
2016,Alaska,2 233.13,1 845.28,4 078.41,1 055.48,856.14,1 911.61
2017,Alaska,2 419.55,1 911.31,4 330.86,1 147.14,858.63,2 005.77
2018,Alaska,2 450.85,2 002.50,4 453.35,1 156.92,869.96,2 026.88
2019,Alaska,2 533.93,2 105.88,4 639.80,1 178.18,883.46,2 061.63
2020,Alaska,2 618.67,1 812.00,4 430.67,1 170.89,726.87,1 897.76
2021,Alaska,2 767.87,2 326.01,5 093.89,1 185.88,889.69,2 075.57
2022,Alaska,3 041.18,2 576.64,5 617.82,1 169.60,918.63,2 088.22
2023,Alaska,3 047.56,2 816.45,5 864.01,1 120.21,934.5,2 054.71
1997,Arizona,7 109.41,5 029.71,12 139.12,5 083.14,3 925.46,9 008.61
1998,Arizona,7 147.98,5 381.40,12 529.38,4 958.43,4 090.68,9 049.12
1999,Arizona,7 449.96,5 682.95,13 132.90,5 065.27,4 228.68,9 293.95
2000,Arizona,7 530.79,6 190.95,13 721.75,5 017.66,4 505.93,9 523.59
2001,Arizona,7 508.62,6 404.37,13 912.99,4 802.22,4 518.51,9 320.73
2002,Arizona,7 483.57,6 718.71,14 202.28,4 698.42,4 588.95,9 287.37
2003,Arizona,8 133.38,7 152.54,15 285.91,4 972.30,4 792.36,9 764.66
2004,Arizona,8 982.91,7 849.91,16 832.82,5 294.23,5 102.66,10 396.89
2005,Arizona,10 040.78,8 604.32,18 645.10,5 864.26,5 399.67,11 263.93
2006,Arizona,10 841.51,9 434.43,20 275.94,6 256.58,5 751.88,12 008.46
2007,Arizona,11 722.73,9 981.92,21 704.64,6 460.91,5 875.09,12 336.00
2008,Arizona,12 687.48,9 994.24,22 681.72,6 586.31,5 666.77,12 253.09
2009,Arizona,12 898.85,9 558.31,22 457.16,6 745.14,5 255.84,12 000.98
2010,Arizona,13 519.95,9 663.35,23 183.30,7 112.61,5 251.99,12 364.60
2011,Arizona,14 509.00,10 317.08,24 826.08,7 277.32,5 484.18,12 761.50
2012,Arizona,15 866.46,10 848.13,26 714.59,7 817.15,5 595.29,13 412.44
2013,Arizona,15 824.82,11 755.39,27 580.21,7 727.45,5 938.17,13 665.62
2014,Arizona,16 401.19,12 792.66,29 193.85,7 791.38,6 306.31,14 097.70
2015,Arizona,16 760.56,14 243.13,31 003.69,7 830.84,6 825.14,14 655.99
2016,Arizona,16 963.30,15 428.35,32 391.65,8 017.61,7 158.16,15 175.77
2017,Arizona,17 981.25,16 842.74,34 823.99,8 525.12,7 566.36,16 091.48
2018,Arizona,18 669.73,18 044.22,36 713.95,8 813.01,7 839.05,16 652.06
2019,Arizona,19 420.82,19 179.00,38 599.82,9 029.95,8 045.96,17 075.91
2020,Arizona,21 867.37,18 109.32,39 976.70,9 777.59,7 264.44,17 042.04
2021,Arizona,23 687.80,23 041.46,46 729.26,10 148.92,8 813.24,18 962.16
2022,Arizona,25 821.15,26 348.48,52 169.63,9 930.46,9 393.82,19 324.27
2023,Arizona,26 179.59,28 669.25,54 848.84,9 622.97,9 512.45,19 135.42
1997,Arkansas,3 067.57,2 011.71,5 079.27,2 281.42,1 544.75,3 826.17
1998,Arkansas,3 124.67,2 096.52,5 221.19,2 289.97,1 568.55,3 858.52
1999,Arkansas,3 369.98,2 187.68,5 557.66,2 431.19,1 597.69,4 028.87
2000,Arkansas,3 519.80,2 368.70,5 888.49,2 472.85,1 691.53,4 164.38
2001,Arkansas,3 706.24,2 520.16,6 226.41,2 531.47,1 752.66,4 284.13
2002,Arkansas,3 754.05,2 605.59,6 359.64,2 531.19,1 771.80,4 302.99
2003,Arkansas,3 883.97,2 704.37,6 588.33,2 563.42,1 796.06,4 359.48
2004,Arkansas,4 186.28,2 893.18,7 079.46,2 658.14,1 863.82,4 521.96
2005,Arkansas,4 481.15,3 097.34,7 578.49,2 788.65,1 939.20,4 727.85
2006,Arkansas,4 673.44,3 303.60,7 977.04,2 852.97,2 006.75,4 859.72
2007,Arkansas,4 858.03,3 425.32,8 283.34,2 846.28,2 011.96,4 858.25
2008,Arkansas,4 957.32,3 562.26,8 519.58,2 721.47,2 000.32,4 721.80
2009,Arkansas,4 859.10,3 590.68,8 449.78,2 647.39,1 945.65,4 593.05
2010,Arkansas,4 924.77,3 685.46,8 610.23,2 667.47,1 971.88,4 639.35
2011,Arkansas,5 154.31,3 909.72,9 064.03,2 655.85,2 046.35,4 702.20
2012,Arkansas,5 512.58,4 156.49,9 669.07,2 765.74,2 117.25,4 882.99
2013,Arkansas,5 660.82,4 369.24,10 030.06,2 806.76,2 175.68,4 982.43
2014,Arkansas,6 122.17,4 751.93,10 874.10,2 963.28,2 311.80,5 275.08
2015,Arkansas,6 495.03,5 267.41,11 762.44,3 111.64,2 486.69,5 598.33
2016,Arkansas,6 667.08,5 651.47,12 318.55,3 240.10,2 615.72,5 855.82
2017,Arkansas,7 299.54,6 023.53,13 323.07,3 555.36,2 732.89,6 288.25
2018,Arkansas,7 452.96,6 315.31,13 768.28,3 619.27,2 806.06,6 425.33
2019,Arkansas,7 424.07,6 638.33,14 062.40,3 580.59,2 861.61,6 442.20
2020,Arkansas,8 027.92,6 351.75,14 379.66,3 740.21,2 665.30,6 405.51
2021,Arkansas,8 806.80,7 837.32,16 644.11,3 966.84,3 166.23,7 133.07
2022,Arkansas,9 159.36,8 364.59,17 523.95,3 704.15,3 135.58,6 839.73
2023,Arkansas,9 301.51,8 885.27,18 186.78,3 570.82,3 109.56,6 680.38
1997,California,43 010.51,35 675.35,78 685.86,30 751.99,27 843.04,58 595.02
1998,California,43 625.70,37 748.47,81 374.17,30 262.41,28 694.59,58 956.99
1999,California,46 333.47,39 826.67,86 160.14,31 502.43,29 635.00,61 137.43
2000,California,47 966.97,43 254.95,91 221.91,31 959.67,31 482.03,63 441.71
2001,California,51 585.81,45 401.55,96 987.36,32 992.24,32 032.43,65 024.67
2002,California,54 119.64,47 786.61,101 906.24,33 978.03,32 638.74,66 616.77
2003,California,57 749.52,50 476.21,108 225.73,35 304.86,33 820.19,69 125.05
2004,California,60 119.96,54 200.71,114 320.68,35 432.73,35 231.93,70 664.66
2005,California,63 219.42,57 878.24,121 097.66,36 922.93,36 321.70,73 244.64
2006,California,65 887.71,62 386.11,128 273.82,38 023.45,38 034.89,76 058.34
2007,California,68 985.44,65 735.66,134 721.09,38 020.92,38 690.27,76 711.19
2008,California,70 738.32,67 121.40,137 859.72,36 721.61,38 058.10,74 779.71
2009,California,69 061.86,64 792.88,133 854.73,36 114.18,35 627.77,71 741.95
2010,California,70 280.11,67 040.67,137 320.78,36 973.15,36 436.30,73 409.45
2011,California,74 644.18,71 013.30,145 657.48,37 439.49,37 748.06,75 187.55
2012,California,77 283.52,75 170.02,152 453.55,38 076.34,38 771.46,76 847.80
2013,California,81 070.90,82 004.36,163 075.25,39 587.92,41 424.03,81 011.95
2014,California,85 598.29,91 102.61,176 700.91,40 663.44,44 910.27,85 573.70
2015,California,87 905.63,100 945.45,188 851.06,41 071.13,48 371.90,89 443.03
2016,California,90 243.65,109 080.51,199 324.16,42 653.14,50 609.17,93 262.31
2017,California,91 703.46,118 113.58,209 817.03,43 477.64,53 060.86,96 538.51
2018,California,96 074.62,126 817.91,222 892.53,45 351.85,55 094.23,100 446.08
2019,California,100 403.68,134 486.02,234 889.69,46 683.91,56 419.47,103 103.38
2020,California,111 092.71,112 560.23,223 652.94,49 673.07,45 152.84,94 825.91
2021,California,119 630.98,144 255.00,263 885.97,51 255.32,55 176.77,106 432.09
2022,California,133 759.52,175 588.02,309 347.53,51 442.06,62 601.02,114 043.08
2023,California,138 141.39,199 997.55,338 138.94,50 777.33,66 359.16,117 136.50
1997,Colorado,6 442.97,5 132.93,11 575.90,4 606.64,4 006.03,8 612.67
1998,Colorado,6 791.29,5 476.72,12 268.00,4 711.00,4 163.14,8 874.14
1999,Colorado,7 250.89,5 839.78,13 090.67,4 929.93,4 345.38,9 275.30
2000,Colorado,7 565.68,6 392.74,13 958.42,5 040.90,4 652.80,9 693.70
2001,Colorado,7 984.90,6 694.77,14 679.68,5 106.83,4 723.40,9 830.23
2002,Colorado,8 067.49,6 980.75,15 048.24,5 065.02,4 767.93,9 832.95
2003,Colorado,8 347.28,7 219.17,15 566.45,5 103.07,4 837.00,9 940.07
2004,Colorado,8 837.93,7 659.22,16 497.14,5 208.78,4 978.70,10 187.48
2005,Colorado,9 595.07,8 097.78,17 692.85,5 603.95,5 081.79,10 685.73
2006,Colorado,9 916.10,8 658.56,18 574.66,5 722.53,5 278.86,11 001.39
2007,Colorado,10 501.40,9 115.87,19 617.28,5 787.79,5 365.36,11 153.15
2008,Colorado,11 381.44,9 385.11,20 766.54,5 908.32,5 321.39,11 229.71
2009,Colorado,11 314.97,9 143.94,20 458.91,5 916.88,5 027.99,10 944.88
2010,Colorado,11 959.66,9 427.55,21 387.21,6 291.77,5 123.83,11 415.60
2011,Colorado,12 674.93,10 143.07,22 818.00,6 357.40,5 391.68,11 749.08
2012,Colorado,14 001.90,10 824.30,24 826.20,6 898.51,5 582.99,12 481.50
2013,Colorado,14 211.42,11 690.66,25 902.08,6 939.61,5 905.47,12 845.08
2014,Colorado,14 708.85,12 853.42,27 562.28,6 987.44,6 336.27,13 323.71
2015,Colorado,15 110.87,14 317.51,29 428.38,7 060.08,6 860.79,13 920.86
2016,Colorado,15 663.60,15 476.03,31 139.63,7 403.31,7 180.28,14 583.59
2017,Colorado,16 568.99,16 717.68,33 286.67,7 855.55,7 510.18,15 365.73
2018,Colorado,17 037.80,17 727.79,34 765.59,8 042.67,7 701.58,15 744.25
2019,Colorado,17 847.46,18 709.69,36 557.15,8 298.39,7 849.07,16 147.47
2020,Colorado,19 597.57,16 651.97,36 249.54,8 762.69,6 679.83,15 442.53
2021,Colorado,20 732.00,21 560.29,42 292.29,8 882.52,8 246.70,17 129.22
2022,Colorado,23 597.49,24 925.18,48 522.67,9 075.27,8 886.38,17 961.65
2023,Colorado,23 711.01,27 277.17,50 988.18,8 715.58,9 050.56,17 766.14
1997,Connecticut,5 279.92,3 410.35,8 690.27,3 897.71,2 700.93,6 598.63
1998,Connecticut,5 407.63,3 551.10,8 958.73,3 933.43,2 743.63,6 677.06
1999,Connecticut,5 726.51,3 785.29,9 511.79,4 078.12,2 842.90,6 921.02
2000,Connecticut,5 806.38,4 068.53,9 874.91,4 069.25,2 991.63,7 060.89
2001,Connecticut,6 094.82,4 195.60,10 290.42,4 139.75,2 996.18,7 135.93
2002,Connecticut,6 271.34,4 480.10,10 751.44,4 213.95,3 121.74,7 335.69
2003,Connecticut,6 250.33,4 741.39,10 991.72,4 107.07,3 236.02,7 343.09
2004,Connecticut,6 541.01,5 035.06,11 576.07,4 116.24,3 346.12,7 462.35
2005,Connecticut,6 664.51,5 302.86,11 967.37,4 085.92,3 426.79,7 512.71
2006,Connecticut,6 928.59,5 672.43,12 601.03,4 153.67,3 537.23,7 690.89
2007,Connecticut,7 199.74,6 012.40,13 212.14,4 154.05,3 597.43,7 751.48
2008,Connecticut,7 307.88,6 186.68,13 494.56,3 970.42,3 542.60,7 513.02
2009,Connecticut,7 065.08,6 065.48,13 130.56,3 800.97,3 358.79,7 159.76
2010,Connecticut,7 281.73,6 157.13,13 438.86,3 880.82,3 357.21,7 238.03
2011,Connecticut,7 679.96,6 524.47,14 204.43,3 924.24,3 472.27,7 396.51
2012,Connecticut,7 926.26,6 951.06,14 877.32,3 942.03,3 602.65,7 544.68
2013,Connecticut,7 979.28,7 305.94,15 285.21,3 935.55,3 723.84,7 659.39
2014,Connecticut,8 195.00,7 792.31,15 987.30,3 974.10,3 886.15,7 860.25
2015,Connecticut,8 097.37,8 238.73,16 336.09,3 873.31,4 015.41,7 888.71
2016,Connecticut,8 065.49,8 644.07,16 709.56,3 910.36,4 103.72,8 014.08
2017,Connecticut,8 120.65,9 155.17,17 275.82,3 931.01,4 246.42,8 177.43
2018,Connecticut,8 328.33,9 733.98,18 062.31,3 982.45,4 393.54,8 375.98
2019,Connecticut,8 483.13,10 048.69,18 531.82,4 024.24,4 409.16,8 433.40
2020,Connecticut,8 860.08,8 325.38,17 185.46,4 063.80,3 525.51,7 589.31
2021,Connecticut,9 459.43,10 934.96,20 394.39,4 239.17,4 420.04,8 659.21
2022,Connecticut,10 509.25,12 788.43,23 297.69,4 276.74,4 836.19,9 112.94
2023,Connecticut,10 531.23,13 878.26,24 409.48,4 090.12,4 911.08,9 001.19
1997,Delaware,1 027.29,886.68,1 913.96,764.02,680.86,1 444.88
1998,Delaware,1 065.50,934.7,2 000.20,780.87,699.31,1 480.18
1999,Delaware,1 176.54,974.05,2 150.60,848.79,711.36,1 560.15
2000,Delaware,1 248.80,1 053.88,2 302.68,877.35,752.59,1 629.95
2001,Delaware,1 304.25,1 104.36,2 408.61,890.84,768.03,1 658.87
2002,Delaware,1 319.87,1 162.68,2 482.55,889.93,790.62,1 680.55
2003,Delaware,1 407.85,1 238.06,2 645.91,929.18,822.24,1 751.42
2004,Delaware,1 539.20,1 359.91,2 899.11,977.34,876.07,1 853.40
2005,Delaware,1 646.79,1 439.93,3 086.72,1 024.81,901.52,1 926.33
2006,Delaware,1 772.39,1 516.28,3 288.66,1 081.98,921.05,2 003.03
2007,Delaware,1 878.27,1 587.20,3 465.47,1 100.46,932.29,2 032.76
2008,Delaware,1 944.29,1 626.38,3 570.67,1 067.38,913.27,1 980.64
2009,Delaware,1 871.78,1 609.32,3 481.10,1 019.80,872.03,1 891.83
2010,Delaware,1 882.37,1 657.36,3 539.73,1 019.57,886.76,1 906.33
2011,Delaware,1 955.80,1 728.94,3 684.74,1 007.76,904.93,1 912.69
2012,Delaware,2 102.85,1 795.25,3 898.10,1 055.03,914.47,1 969.50
2013,Delaware,2 134.52,1 906.27,4 040.78,1 058.34,949.23,2 007.57
2014,Delaware,2 136.65,2 032.85,4 169.50,1 034.19,988.97,2 023.17
2015,Delaware,2 034.94,2 209.83,4 244.77,974.9,1 043.24,2 018.14
2016,Delaware,1 985.72,2 328.28,4 314.01,965.03,1 077.62,2 042.65
2017,Delaware,2 162.98,2 463.01,4 625.99,1 053.51,1 117.48,2 170.99
2018,Delaware,2 224.31,2 616.65,4 840.96,1 080.16,1 162.65,2 242.80
2019,Delaware,2 238.72,2 755.73,4 994.45,1 079.72,1 187.92,2 267.65
2020,Delaware,2 388.82,2 355.04,4 743.85,1 112.95,988.21,2 101.16
2021,Delaware,2 630.55,3 074.71,5 705.27,1 184.88,1 242.16,2 427.04
2022,Delaware,2 991.23,3 501.74,6 492.97,1 209.69,1 312.68,2 522.36
2023,Delaware,3 071.72,3 836.00,6 907.71,1 179.22,1 342.48,2 521.70
1997,District of Columbia,618.58,1 712.45,2 331.03,460.05,1 314.95,1 775.00
1998,District of Columbia,599.09,1 712.70,2 311.79,439.05,1 281.38,1 720.44
1999,District of Columbia,597.82,1 739.73,2 337.56,431.29,1 270.54,1 701.83
2000,District of Columbia,599.5,1 995.98,2 595.48,421.18,1 425.37,1 846.55
2001,District of Columbia,616.5,1 925.62,2 542.11,421.08,1 339.18,1 760.26
2002,District of Columbia,615.7,1 915.97,2 531.66,415.14,1 302.86,1 717.99
2003,District of Columbia,673.98,2 058.06,2 732.04,444.83,1 366.83,1 811.66
2004,District of Columbia,709.65,2 241.43,2 951.08,450.6,1 443.96,1 894.56
2005,District of Columbia,677.11,2 470.96,3 148.07,421.37,1 547.03,1 968.41
2006,District of Columbia,728.96,2 635.62,3 364.58,445,1 600.99,2 046.00
2007,District of Columbia,773.22,2 826.25,3 599.47,453.02,1 660.08,2 113.11
2008,District of Columbia,831.59,2 950.97,3 782.56,456.53,1 657.06,2 113.59
2009,District of Columbia,829.58,2 946.63,3 776.21,451.98,1 596.66,2 048.65
2010,District of Columbia,876.78,3 042.27,3 919.05,474.9,1 627.74,2 102.65
2011,District of Columbia,925.64,3 241.72,4 167.37,476.95,1 696.72,2 173.68
2012,District of Columbia,941.82,3 499.13,4 440.95,472.52,1 782.40,2 254.93
2013,District of Columbia,996.79,3 603.44,4 600.23,494.23,1 794.35,2 288.57
2014,District of Columbia,1 157.84,3 842.39,5 000.22,560.42,1 869.31,2 429.73
2015,District of Columbia,1 238.12,4 225.84,5 463.96,593.16,1 994.97,2 588.13
2016,District of Columbia,1 278.19,4 409.30,5 687.48,621.18,2 040.79,2 661.97
2017,District of Columbia,1 365.64,4 652.47,6 018.11,665.16,2 110.84,2 776.00
2018,District of Columbia,1 409.08,4 894.32,6 303.40,684.27,2 174.68,2 858.95
2019,District of Columbia,1 449.81,5 154.04,6 603.85,699.24,2 221.77,2 921.01
2020,District of Columbia,1 483.76,3 289.91,4 773.67,691.28,1 380.50,2 071.78
2021,District of Columbia,1 617.94,4 179.62,5 797.57,728.77,1 688.54,2 417.31
2022,District of Columbia,2 102.37,5 814.37,7 916.74,850.22,2 179.60,3 029.82
2023,District of Columbia,2 252.62,7 226.97,9 479.59,864.77,2 529.21,3 393.98
1997,Florida,22 188.32,17 600.52,39 788.84,16 501.94,13 515.08,30 017.02
1998,Florida,23 240.20,18 615.99,41 856.20,17 032.00,13 927.86,30 959.86
1999,Florida,24 808.55,19 574.73,44 383.27,17 897.49,14 295.62,32 193.11
2000,Florida,25 910.21,21 000.91,46 911.12,18 203.34,14 997.15,33 200.49
2001,Florida,27 102.00,22 247.50,49 349.50,18 511.42,15 472.12,33 983.55
2002,Florida,27 054.78,23 364.40,50 419.18,18 241.84,15 887.79,34 129.63
2003,Florida,28 283.50,24 740.48,53 023.98,18 667.11,16 431.01,35 098.13
2004,Florida,30 961.59,27 371.77,58 333.36,19 659.50,17 633.18,37 292.69
2005,Florida,32 737.89,29 564.13,62 302.02,20 372.98,18 509.72,38 882.70
2006,Florida,35 070.70,31 487.13,66 557.82,21 409.44,19 126.67,40 536.11
2007,Florida,36 909.30,33 243.44,70 152.73,21 624.90,19 526.53,41 151.43
2008,Florida,38 305.33,34 267.71,72 573.03,21 028.88,19 242.42,40 271.30
2009,Florida,36 887.68,33 245.09,70 132.77,20 097.59,18 014.23,38 111.82
2010,Florida,38 074.32,34 466.75,72 541.08,20 622.70,18 441.17,39 063.87
2011,Florida,40 545.57,37 224.80,77 770.38,20 891.86,19 483.51,40 375.37
2012,Florida,43 056.39,40 210.70,83 267.09,21 601.98,20 482.71,42 084.68
2013,Florida,43 996.27,43 195.68,87 191.95,21 814.27,21 509.45,43 323.72
2014,Florida,46 215.80,47 341.52,93 557.32,22 369.61,23 031.47,45 401.07
2015,Florida,47 553.71,52 349.79,99 903.50,22 782.04,24 713.77,47 495.81
2016,Florida,48 530.11,56 115.57,104 645.68,23 584.87,25 972.46,49 557.33
2017,Florida,50 380.24,59 878.63,110 258.88,24 538.52,27 167.12,51 705.64
2018,Florida,52 678.21,63 378.07,116 056.28,25 581.30,28 160.56,53 741.86
2019,Florida,55 210.56,67 311.49,122 522.05,26 627.78,29 016.23,55 644.01
2020,Florida,59 493.30,59 175.11,118 668.42,27 717.96,24 830.85,52 548.81
2021,Florida,64 339.08,76 824.04,141 163.13,28 980.21,31 036.43,60 016.64
2022,Florida,73 061.23,87 719.41,160 780.64,29 546.82,32 882.79,62 429.61
2023,Florida,75 983.09,95 626.28,171 609.38,29 169.68,33 466.16,62 635.84
1997,Georgia,10 371.21,8 427.68,18 798.90,7 713.30,6 471.45,14 184.74
1998,Georgia,10 523.74,8 997.78,19 521.51,7 712.51,6 731.83,14 444.34
1999,Georgia,11 064.47,9 682.50,20 746.97,7 982.17,7 071.23,15 053.41
2000,Georgia,11 685.66,10 524.33,22 209.99,8 209.81,7 515.63,15 725.44
2001,Georgia,11 792.14,10 880.28,22 672.42,8 054.36,7 566.74,15 621.10
2002,Georgia,11 587.92,11 531.42,23 119.34,7 813.22,7 841.36,15 654.58
2003,Georgia,12 173.64,12 190.77,24 364.41,8 034.60,8 096.31,16 130.91
2004,Georgia,12 902.01,13 007.77,25 909.78,8 192.32,8 379.74,16 572.06
2005,Georgia,14 838.65,13 727.21,28 565.85,9 234.18,8 594.42,17 828.61
2006,Georgia,15 905.90,14 510.63,30 416.54,9 710.00,8 814.40,18 524.40
2007,Georgia,16 947.67,15 223.87,32 171.54,9 929.52,8 942.20,18 871.71
2008,Georgia,17 770.41,15 553.00,33 323.41,9 755.61,8 733.51,18 489.12
2009,Georgia,17 427.30,15 204.21,32 631.50,9 494.95,8 238.57,17 733.52
2010,Georgia,18 066.69,15 447.80,33 514.48,9 785.70,8 265.22,18 050.92
2011,Georgia,19 571.48,16 447.83,36 019.31,10 084.57,8 608.82,18 693.38
2012,Georgia,20 926.28,17 436.61,38 362.89,10 499.00,8 881.94,19 380.94
2013,Georgia,21 838.03,18 828.55,40 666.58,10 827.75,9 375.75,20 203.50
2014,Georgia,23 047.78,20 595.53,43 643.31,11 155.70,10 019.65,21 175.35
2015,Georgia,23 428.45,22 677.28,46 105.73,11 224.10,10 705.70,21 929.80
2016,Georgia,23 956.16,24 425.22,48 381.39,11 642.32,11 304.94,22 947.26
2017,Georgia,25 385.72,26 265.65,51 651.38,12 364.53,11 916.81,24 281.34
2018,Georgia,26 256.70,27 694.72,53 951.41,12 750.63,12 305.50,25 056.13
2019,Georgia,27 229.40,29 301.79,56 531.20,13 132.61,12 631.24,25 763.85
2020,Georgia,29 477.64,26 717.91,56 195.55,13 733.65,11 211.27,24 944.92
2021,Georgia,31 653.20,32 814.27,64 467.47,14 257.53,13 256.76,27 514.29
2022,Georgia,34 097.07,36 685.14,70 782.20,13 789.25,13 751.91,27 541.17
2023,Georgia,35 109.47,39 627.44,74 736.91,13 478.42,13 868.35,27 346.77
1997,Hawaii,1 922.13,2 461.97,4 384.10,1 374.30,1 921.46,3 295.76
1998,Hawaii,1 900.23,2 529.36,4 429.58,1 318.15,1 922.70,3 240.85
1999,Hawaii,1 935.15,2 617.82,4 552.98,1 315.72,1 947.92,3 263.64
2000,Hawaii,1 990.03,2 839.93,4 829.96,1 325.93,2 066.97,3 392.90
2001,Hawaii,2 108.33,2 856.03,4 964.36,1 348.41,2 015.03,3 363.44
2002,Hawaii,2 190.49,2 890.08,5 080.56,1 375.26,1 973.95,3 349.21
2003,Hawaii,2 231.42,3 069.91,5 301.33,1 364.17,2 056.91,3 421.08
2004,Hawaii,2 367.79,3 352.44,5 720.23,1 395.49,2 179.18,3 574.67
2005,Hawaii,2 487.84,3 549.42,6 037.26,1 453.01,2 227.45,3 680.46
2006,Hawaii,2 550.42,3 754.08,6 304.50,1 471.83,2 288.75,3 760.58
2007,Hawaii,2 665.28,3 962.01,6 627.30,1 468.96,2 331.94,3 800.89
2008,Hawaii,2 822.36,4 012.02,6 834.38,1 465.14,2 274.83,3 739.97
2009,Hawaii,2 836.85,3 921.24,6 758.09,1 483.46,2 156.18,3 639.64
2010,Hawaii,2 905.05,4 059.92,6 964.97,1 528.30,2 206.55,3 734.85
2011,Hawaii,3 029.26,4 371.18,7 400.44,1 519.39,2 323.56,3 842.95
2012,Hawaii,3 126.39,4 670.61,7 797.00,1 540.32,2 409.02,3 949.35
2013,Hawaii,3 199.66,4 914.23,8 113.89,1 562.44,2 482.39,4 044.83
2014,Hawaii,3 322.80,5 203.23,8 526.03,1 578.49,2 565.00,4 143.50
2015,Hawaii,3 452.59,5 568.39,9 020.97,1 613.11,2 668.31,4 281.42
2016,Hawaii,3 564.88,5 898.70,9 463.59,1 684.92,2 736.77,4 421.69
2017,Hawaii,3 686.88,6 343.59,10 030.47,1 747.99,2 849.77,4 597.76
2018,Hawaii,3 930.10,6 656.50,10 586.60,1 855.20,2 891.82,4 747.02
2019,Hawaii,4 108.73,7 053.95,11 162.68,1 910.40,2 959.27,4 869.67
2020,Hawaii,4 289.98,5 074.70,9 364.68,1 918.19,2 035.68,3 953.87
2021,Hawaii,4 674.50,7 082.88,11 757.38,2 002.77,2 709.16,4 711.93
2022,Hawaii,5 465.45,8 479.62,13 945.07,2 101.94,3 023.17,5 125.11
2023,Hawaii,5 506.97,9 584.62,15 091.59,2 024.23,3 180.18,5 204.40
1997,Idaho,1 949.22,1 059.73,3 008.95,1 393.67,827.07,2 220.74
1998,Idaho,1 982.11,1 129.64,3 111.75,1 374.96,858.7,2 233.65
1999,Idaho,2 095.89,1 171.78,3 267.66,1 425.01,871.92,2 296.92
2000,Idaho,2 181.31,1 284.11,3 465.43,1 453.37,934.61,2 387.99
2001,Idaho,2 206.92,1 334.14,3 541.06,1 411.46,941.29,2 352.75
2002,Idaho,2 209.74,1 377.03,3 586.77,1 387.34,940.52,2 327.87
2003,Idaho,2 378.25,1 454.59,3 832.84,1 453.93,974.61,2 428.54
2004,Idaho,2 606.53,1 566.38,4 172.91,1 536.20,1 018.19,2 554.39
2005,Idaho,2 881.39,1 677.02,4 558.41,1 682.86,1 052.42,2 735.28
2006,Idaho,3 120.11,1 792.69,4 912.80,1 800.60,1 092.95,2 893.55
2007,Idaho,3 407.40,1 955.46,5 362.86,1 877.97,1 150.93,3 028.90
2008,Idaho,3 619.98,2 015.60,5 635.58,1 879.20,1 142.86,3 022.05
2009,Idaho,3 429.11,1 898.70,5 327.81,1 793.17,1 044.04,2 837.21
2010,Idaho,3 428.02,1 917.01,5 345.03,1 803.42,1 041.89,2 845.31
2011,Idaho,3 548.23,2 047.26,5 595.49,1 779.69,1 088.25,2 867.94
2012,Idaho,3 905.07,2 162.59,6 067.67,1 923.97,1 115.43,3 039.40
2013,Idaho,4 013.12,2 339.88,6 352.99,1 959.65,1 181.98,3 141.63
2014,Idaho,4 198.85,2 576.06,6 774.91,1 994.66,1 269.90,3 264.57
2015,Idaho,4 306.42,2 875.98,7 182.40,2 012.04,1 378.14,3 390.18
2016,Idaho,4 395.45,3 164.25,7 559.71,2 077.49,1 468.09,3 545.58
2017,Idaho,4 687.32,3 471.32,8 158.63,2 222.31,1 559.44,3 781.75
2018,Idaho,4 904.02,3 764.66,8 668.68,2 314.93,1 635.50,3 950.44
2019,Idaho,5 289.99,4 101.16,9 391.16,2 459.65,1 720.52,4 180.16
2020,Idaho,5 861.72,4 082.63,9 944.35,2 620.96,1 637.72,4 258.68
2021,Idaho,6 452.56,5 221.63,11 674.19,2 764.57,1 997.25,4 761.81
2022,Idaho,7 183.99,5 791.46,12 975.45,2 762.86,2 064.78,4 827.65
2023,Idaho,7 537.31,6 227.53,13 764.84,2 770.53,2 066.29,4 836.82
1997,Illinois,17 509.34,12 888.61,30 397.95,13 095.03,9 829.02,22 924.05
1998,Illinois,18 013.91,13 522.00,31 535.91,13 231.66,10 051.98,23 283.64
1999,Illinois,19 197.54,13 924.90,33 122.43,13 810.23,10 096.83,23 907.06
2000,Illinois,20 238.56,14 835.29,35 073.86,14 230.05,10 461.01,24 691.06
2001,Illinois,21 107.07,15 258.37,36 365.44,14 392.32,10 459.08,24 851.40
2002,Illinois,21 727.01,15 806.63,37 533.64,14 701.82,10 606.72,25 308.54
2003,Illinois,22 078.69,16 790.70,38 869.39,14 731.93,11 047.00,25 778.93
2004,Illinois,22 415.59,17 950.95,40 366.54,14 535.41,11 471.09,26 006.50
2005,Illinois,23 072.45,18 901.08,41 973.53,14 647.76,11 679.44,26 327.20
2006,Illinois,23 719.69,20 200.04,43 919.73,14 821.59,12 150.94,26 972.53
2007,Illinois,24 766.14,21 322.98,46 089.13,14 884.23,12 399.47,27 283.70
2008,Illinois,25 525.80,21 749.34,47 275.13,14 417.82,12 075.06,26 492.87
2009,Illinois,24 919.53,21 562.41,46 481.94,13 943.11,11 540.49,25 483.60
2010,Illinois,24 953.45,21 886.84,46 840.29,13 900.06,11 586.74,25 486.80
2011,Illinois,25 665.14,23 001.43,48 666.56,13 654.51,11 877.54,25 532.05
2012,Illinois,27 274.47,24 158.70,51 433.17,14 140.25,12 122.53,26 262.79
2013,Illinois,26 756.00,25 137.72,51 893.72,13 795.15,12 316.57,26 111.73
2014,Illinois,26 952.51,26 804.01,53 756.52,13 559.78,12 779.82,26 339.60
2015,Illinois,26 306.81,29 265.93,55 572.73,13 162.21,13 539.89,26 702.11
2016,Illinois,25 830.81,31 214.92,57 045.73,13 098.22,14 081.38,27 179.60
2017,Illinois,25 213.88,33 166.59,58 380.48,12 831.18,14 715.91,27 547.09
2018,Illinois,25 666.14,34 491.95,60 158.09,13 057.52,14 946.62,28 004.14
2019,Illinois,26 045.67,35 829.43,61 875.11,13 185.62,15 122.18,28 307.80
2020,Illinois,27 618.81,30 299.63,57 918.45,13 589.74,12 470.64,26 060.38
2021,Illinois,29 403.05,37 108.18,66 511.23,13 987.97,14 533.57,28 521.54
2022,Illinois,31 691.53,43 188.05,74 879.59,13 359.12,15 556.20,28 915.32
2023,Illinois,31 607.92,47 590.62,79 198.54,12 663.28,16 048.76,28 712.04
1997,Indiana,8 144.99,6 154.94,14 299.94,6 091.54,4 693.84,10 785.39
1998,Indiana,8 282.34,6 368.13,14 650.46,6 083.58,4 733.93,10 817.52
1999,Indiana,8 437.15,6 639.10,15 076.25,6 069.47,4 813.96,10 883.43
2000,Indiana,8 760.09,7 037.23,15 797.32,6 159.35,4 962.26,11 121.61
2001,Indiana,8 880.36,7 332.80,16 213.16,6 055.27,5 026.38,11 081.64
2002,Indiana,8 876.16,7 584.99,16 461.16,6 006.15,5 089.76,11 095.91
2003,Indiana,9 191.59,7 969.94,17 161.53,6 133.05,5 243.62,11 376.67
2004,Indiana,9 679.60,8 401.10,18 080.70,6 276.74,5 368.51,11 645.25
2005,Indiana,10 265.17,8 768.20,19 033.37,6 516.94,5 418.09,11 935.02
2006,Indiana,10 755.15,9 213.94,19 969.09,6 720.51,5 542.47,12 262.98
2007,Indiana,11 111.25,9 520.93,20 632.17,6 677.76,5 536.49,12 214.25
2008,Indiana,11 446.46,9 782.18,21 228.64,6 465.34,5 430.99,11 896.33
2009,Indiana,11 209.19,9 713.17,20 922.36,6 271.83,5 198.62,11 470.45
2010,Indiana,11 375.42,9 914.38,21 289.80,6 336.56,5 248.60,11 585.16
2011,Indiana,11 872.53,10 501.18,22 373.71,6 316.49,5 422.63,11 739.12
2012,Indiana,12 848.98,11 123.46,23 972.45,6 661.46,5 581.62,12 243.08
2013,Indiana,13 190.73,11 596.20,24 786.92,6 801.02,5 681.72,12 482.74
2014,Indiana,13 591.28,12 287.67,25 878.95,6 837.76,5 858.61,12 696.37
2015,Indiana,13 805.10,13 304.97,27 110.07,6 907.17,6 155.55,13 062.72
2016,Indiana,14 126.03,14 022.62,28 148.66,7 162.99,6 325.75,13 488.75
2017,Indiana,14 822.48,14 696.14,29 518.61,7 543.06,6 520.63,14 063.69
2018,Indiana,15 092.55,15 257.27,30 349.82,7 678.26,6 611.53,14 289.79
2019,Indiana,15 373.13,15 917.25,31 290.38,7 782.65,6 718.04,14 500.69
2020,Indiana,16 050.79,14 612.00,30 662.79,7 897.74,6 013.97,13 911.70
2021,Indiana,17 020.43,18 234.60,35 255.03,8 097.16,7 141.65,15 238.82
2022,Indiana,18 069.80,20 136.66,38 206.46,7 617.07,7 253.16,14 870.24
2023,Indiana,18 526.06,21 727.52,40 253.58,7 422.21,7 327.07,14 749.28
1997,Iowa,4 200.80,2 460.76,6 661.56,3 141.73,1 876.61,5 018.33
1998,Iowa,4 336.51,2 580.55,6 917.06,3 185.27,1 918.33,5 103.60
1999,Iowa,4 529.60,2 673.39,7 202.99,3 258.48,1 938.45,5 196.93
2000,Iowa,4 614.18,2 793.58,7 407.76,3 244.30,1 969.88,5 214.18
2001,Iowa,4 840.81,2 839.33,7 680.13,3 300.81,1 946.26,5 247.07
2002,Iowa,4 868.36,2 962.45,7 830.81,3 294.23,1 987.89,5 282.12
2003,Iowa,5 029.72,3 094.50,8 124.21,3 356.06,2 035.94,5 392.00
2004,Iowa,5 261.40,3 299.53,8 560.93,3 411.76,2 108.48,5 520.24
2005,Iowa,5 728.98,3 489.11,9 218.09,3 637.10,2 156.01,5 793.11
2006,Iowa,6 073.47,3 695.97,9 769.45,3 795.10,2 223.24,6 018.34
2007,Iowa,6 336.72,3 860.68,10 197.41,3 808.31,2 245.02,6 053.33
2008,Iowa,6 640.32,3 938.50,10 578.82,3 750.67,2 186.62,5 937.30
2009,Iowa,6 533.09,3 928.94,10 462.03,3 655.43,2 102.82,5 758.25
2010,Iowa,6 594.45,4 012.29,10 606.74,3 673.37,2 124.08,5 797.45
2011,Iowa,6 907.55,4 257.12,11 164.67,3 674.99,2 198.30,5 873.30
2012,Iowa,7 299.74,4 492.88,11 792.62,3 784.50,2 254.47,6 038.97
2013,Iowa,7 421.68,4 790.92,12 212.60,3 826.55,2 347.38,6 173.93
2014,Iowa,7 638.99,5 136.14,12 775.13,3 843.17,2 448.85,6 292.01
2015,Iowa,7 939.14,5 598.26,13 537.40,3 972.23,2 590.04,6 562.26
2016,Iowa,8 094.75,5 919.02,14 013.76,4 104.66,2 670.13,6 774.79
2017,Iowa,8 429.58,6 295.88,14 725.46,4 289.76,2 793.46,7 083.22
2018,Iowa,8 515.23,6 509.94,15 025.17,4 332.08,2 820.99,7 153.07
2019,Iowa,8 702.97,6 723.39,15 426.37,4 405.88,2 837.68,7 243.56
2020,Iowa,9 073.29,6 089.49,15 162.78,4 464.48,2 506.29,6 970.77
2021,Iowa,9 947.48,7 587.69,17 535.18,4 732.33,2 971.75,7 704.08
2022,Iowa,10 009.11,8 424.34,18 433.45,4 219.20,3 034.42,7 253.62
2023,Iowa,10 086.13,8 945.12,19 031.24,4 040.87,3 016.52,7 057.39
1997,Kansas,3 635.49,2 530.02,6 165.50,2 718.94,1 929.43,4 648.36
1998,Kansas,3 680.37,2 698.72,6 379.09,2 703.32,2 006.17,4 709.50
1999,Kansas,3 820.37,2 734.33,6 554.70,2 748.28,1 982.64,4 730.92
2000,Kansas,3 921.49,2 889.31,6 810.80,2 757.26,2 037.38,4 794.64
2001,Kansas,4 069.45,2 990.09,7 059.54,2 774.85,2 049.60,4 824.45
2002,Kansas,3 982.31,3 090.13,7 072.44,2 694.67,2 073.57,4 768.24
2003,Kansas,4 341.40,3 221.28,7 562.69,2 896.79,2 119.36,5 016.14
2004,Kansas,4 633.36,3 384.54,8 017.91,3 004.51,2 162.81,5 167.31
2005,Kansas,4 857.29,3 519.30,8 376.59,3 083.70,2 174.66,5 258.36
2006,Kansas,5 188.12,3 702.32,8 890.44,3 241.87,2 227.06,5 468.93
2007,Kansas,5 489.25,3 838.08,9 327.34,3 298.99,2 231.87,5 530.86
2008,Kansas,5 830.24,3 985.83,9 816.07,3 293.11,2 212.90,5 506.01
2009,Kansas,5 676.18,3 988.17,9 664.35,3 175.97,2 134.52,5 310.49
2010,Kansas,5 670.18,4 094.01,9 764.19,3 158.52,2 167.34,5 325.85
2011,Kansas,5 929.26,4 349.88,10 279.14,3 154.52,2 246.20,5 400.72
2012,Kansas,6 293.97,4 608.14,10 902.11,3 263.06,2 312.31,5 575.37
2013,Kansas,6 594.54,4 787.70,11 382.24,3 400.09,2 345.80,5 745.89
2014,Kansas,6 949.16,5 066.98,12 016.14,3 496.12,2 415.87,5 911.99
2015,Kansas,7 135.69,5 493.44,12 629.13,3 570.23,2 541.54,6 111.78
2016,Kansas,7 289.86,5 776.56,13 066.43,3 696.52,2 605.87,6 302.39
2017,Kansas,7 615.63,6 087.56,13 703.19,3 875.55,2 701.03,6 576.58
2018,Kansas,7 693.63,6 321.92,14 015.55,3 914.10,2 739.52,6 653.62
2019,Kansas,7 786.13,6 574.32,14 360.44,3 941.73,2 774.76,6 716.49
2020,Kansas,8 260.06,6 146.41,14 406.48,4 064.34,2 529.72,6 594.06
2021,Kansas,8 778.15,7 607.12,16 385.27,4 176.05,2 979.36,7 155.40
2022,Kansas,9 453.12,8 502.83,17 955.95,3 984.83,3 062.69,7 047.52
2023,Kansas,9 205.34,9 003.01,18 208.35,3 687.99,3 036.04,6 724.03
1997,Kentucky,4 992.09,3 842.94,8 835.02,3 712.72,2 950.91,6 663.64
1998,Kentucky,5 137.21,4 004.64,9 141.85,3 764.90,2 996.14,6 761.03
1999,Kentucky,5 467.25,4 158.64,9 625.89,3 944.21,3 037.09,6 981.30
2000,Kentucky,5 658.61,4 290.87,9 949.47,3 975.48,3 064.19,7 039.67
2001,Kentucky,5 858.93,4 454.42,10 313.34,4 001.81,3 097.84,7 099.65
2002,Kentucky,5 960.15,4 589.78,10 549.93,4 018.67,3 121.05,7 139.72
2003,Kentucky,6 302.61,4 864.45,11 167.06,4 159.73,3 230.65,7 390.37
2004,Kentucky,6 801.89,5 244.74,12 046.63,4 318.96,3 378.71,7 697.67
2005,Kentucky,7 353.91,5 529.98,12 883.89,4 576.38,3 462.25,8 038.63
2006,Kentucky,7 732.79,5 868.07,13 600.86,4 720.60,3 564.52,8 285.13
2007,Kentucky,8 325.21,6 170.77,14 495.98,4 877.68,3 624.59,8 502.27
2008,Kentucky,8 720.09,6 325.20,15 045.29,4 787.16,3 551.80,8 338.96
2009,Kentucky,8 477.65,6 266.87,14 744.51,4 618.89,3 395.77,8 014.67
2010,Kentucky,8 699.05,6 446.80,15 145.86,4 711.78,3 449.31,8 161.10
2011,Kentucky,8 981.35,6 792.56,15 773.91,4 627.80,3 555.24,8 183.04
2012,Kentucky,9 531.31,7 157.38,16 688.69,4 781.99,3 645.86,8 427.85
2013,Kentucky,9 587.21,7 535.97,17 123.18,4 753.54,3 752.56,8 506.10
2014,Kentucky,10 005.17,8 026.49,18 031.66,4 842.75,3 904.86,8 747.61
2015,Kentucky,10 110.73,8 724.76,18 835.49,4 843.85,4 118.87,8 962.71
2016,Kentucky,10 148.08,9 270.26,19 418.34,4 931.81,4 290.64,9 222.44
2017,Kentucky,10 856.32,9 839.10,20 695.43,5 287.75,4 464.03,9 751.78
2018,Kentucky,11 189.54,10 191.07,21 380.61,5 433.80,4 528.16,9 961.96
2019,Kentucky,11 163.71,10 683.90,21 847.62,5 384.20,4 605.55,9 989.76
2020,Kentucky,11 870.11,9 678.21,21 548.32,5 530.29,4 061.14,9 591.43
2021,Kentucky,12 524.60,11 912.59,24 437.19,5 641.45,4 812.61,10 454.06
2022,Kentucky,12 755.25,13 201.92,25 957.18,5 158.38,4 948.92,10 107.29
2023,Kentucky,12 823.98,14 259.95,27 083.93,4 923.09,4 990.53,9 913.62
1997,Louisiana,5 778.30,4 218.94,9 997.23,4 297.44,3 239.64,7 537.08
1998,Louisiana,5 881.47,4 405.30,10 286.77,4 310.34,3 295.90,7 606.24
1999,Louisiana,6 192.86,4 634.40,10 827.25,4 467.68,3 384.55,7 852.22
2000,Louisiana,6 346.45,5 049.95,11 396.40,4 458.73,3 606.26,8 064.99
2001,Louisiana,6 463.67,5 197.72,11 661.39,4 414.87,3 614.78,8 029.65
2002,Louisiana,6 402.95,5 326.41,11 729.36,4 317.23,3 621.96,7 939.19
2003,Louisiana,6 536.01,5 731.76,12 267.77,4 313.77,3 806.66,8 120.43
2004,Louisiana,6 856.70,6 213.57,13 070.27,4 353.76,4 002.85,8 356.61
2005,Louisiana,7 236.71,6 341.02,13 577.73,4 503.45,3 970.03,8 473.48
2006,Louisiana,7 386.40,6 362.11,13 748.50,4 509.14,3 864.62,8 373.76
2007,Louisiana,7 926.11,6 853.28,14 779.39,4 643.85,4 025.48,8 669.33
2008,Louisiana,8 498.38,7 095.61,15 593.99,4 665.45,3 984.41,8 649.86
2009,Louisiana,8 567.13,7 147.54,15 714.66,4 667.64,3 872.97,8 540.62
2010,Louisiana,8 878.52,7 357.89,16 236.40,4 808.99,3 936.78,8 745.77
2011,Louisiana,9 472.12,7 927.95,17 400.07,4 880.69,4 149.50,9 030.18
2012,Louisiana,10 314.38,8 406.15,18 720.53,5 174.86,4 281.96,9 456.83
2013,Louisiana,10 324.46,8 883.75,19 208.21,5 119.08,4 423.70,9 542.78
2014,Louisiana,10 672.32,9 632.11,20 304.43,5 165.67,4 685.98,9 851.66
2015,Louisiana,10 821.32,10 498.64,21 319.96,5 184.28,4 956.29,10 140.57
2016,Louisiana,10 848.64,11 189.50,22 038.15,5 272.27,5 178.94,10 451.21
2017,Louisiana,11 547.99,11 802.38,23 350.37,5 624.64,5 354.78,10 979.41
2018,Louisiana,11 814.01,12 385.02,24 199.03,5 737.05,5 503.00,11 240.05
2019,Louisiana,12 045.00,12 874.73,24 919.74,5 809.25,5 549.96,11 359.21
2020,Louisiana,12 701.91,11 354.30,24 056.20,5 917.82,4 764.45,10 682.27
2021,Louisiana,14 167.67,13 950.50,28 118.17,6 381.53,5 635.91,12 017.45
2022,Louisiana,13 839.32,15 189.05,29 028.37,5 596.78,5 693.82,11 290.60
2023,Louisiana,14 123.52,16 186.11,30 309.63,5 421.98,5 664.63,11 086.60
1997,Maine,2 050.11,1 384.84,3 434.96,1 513.42,1 096.77,2 610.19
1998,Maine,2 163.29,1 463.53,3 626.82,1 573.55,1 130.75,2 704.29
1999,Maine,2 310.41,1 536.19,3 846.60,1 645.35,1 153.74,2 799.10
2000,Maine,2 481.91,1 684.15,4 166.06,1 739.38,1 238.37,2 977.76
2001,Maine,2 673.48,1 761.05,4 434.53,1 815.89,1 257.61,3 073.50
2002,Maine,2 767.08,1 834.23,4 601.31,1 859.30,1 278.09,3 137.40
2003,Maine,2 765.01,1 857.70,4 622.71,1 816.87,1 267.89,3 084.77
2004,Maine,2 939.25,1 955.48,4 894.74,1 849.66,1 299.54,3 149.20
2005,Maine,3 042.01,2 007.64,5 049.65,1 865.01,1 297.37,3 162.38
2006,Maine,3 134.41,2 107.59,5 241.99,1 879.07,1 314.25,3 193.32
2007,Maine,3 325.53,2 178.02,5 503.55,1 918.74,1 303.19,3 221.93
2008,Maine,3 469.91,2 207.50,5 677.41,1 885.23,1 264.05,3 149.28
2009,Maine,3 334.87,2 201.00,5 535.87,1 794.14,1 218.81,3 012.95
2010,Maine,3 269.21,2 274.17,5 543.38,1 742.34,1 240.00,2 982.34
2011,Maine,3 354.33,2 372.91,5 727.24,1 713.96,1 262.85,2 976.81
2012,Maine,3 450.50,2 471.62,5 922.11,1 716.06,1 281.01,2 997.07
2013,Maine,3 615.08,2 665.51,6 280.60,1 783.04,1 358.61,3 141.65
2014,Maine,3 772.41,2 907.55,6 679.96,1 829.40,1 450.04,3 279.44
2015,Maine,3 828.64,3 172.67,7 001.31,1 831.40,1 546.30,3 377.70
2016,Maine,3 969.51,3 423.65,7 393.16,1 924.52,1 625.36,3 549.88
2017,Maine,4 113.09,3 748.37,7 861.46,1 991.05,1 738.60,3 729.65
2018,Maine,4 366.24,3 955.54,8 321.79,2 087.85,1 785.38,3 873.23
2019,Maine,4 545.81,4 141.17,8 686.99,2 156.45,1 817.06,3 973.51
2020,Maine,4 822.12,3 492.08,8 314.21,2 211.74,1 478.77,3 690.51
2021,Maine,5 283.54,4 514.48,9 798.01,2 367.77,1 824.81,4 192.58
2022,Maine,5 486.05,5 109.80,10 595.86,2 232.55,1 932.37,4 164.92
2023,Maine,5 461.52,5 440.01,10 901.53,2 121.14,1 925.05,4 046.19
1997,Maryland,7 652.77,5 274.06,12 926.83,5 691.53,4 049.85,9 741.38
1998,Maryland,7 675.76,5 568.97,13 244.72,5 625.32,4 166.51,9 791.83
1999,Maryland,8 125.29,5 797.78,13 923.07,5 861.78,4 234.18,10 095.96
2000,Maryland,8 655.37,6 263.62,14 918.99,6 080.87,4 472.97,10 553.84
2001,Maryland,9 069.19,6 496.01,15 565.20,6 194.51,4 517.68,10 712.18
2002,Maryland,9 199.72,6 959.28,16 159.00,6 202.96,4 732.31,10 935.27
2003,Maryland,9 791.90,7 520.03,17 311.93,6 462.65,4 994.31,11 456.96
2004,Maryland,10 180.87,8 156.44,18 337.30,6 464.49,5 254.46,11 718.95
2005,Maryland,10 238.34,8 752.58,18 990.92,6 371.38,5 479.88,11 851.26
2006,Maryland,11 048.51,9 314.93,20 363.44,6 744.73,5 658.30,12 403.03
2007,Maryland,11 691.18,9 940.28,21 631.46,6 849.78,5 838.72,12 688.50
2008,Maryland,12 018.46,10 293.30,22 311.76,6 597.90,5 780.02,12 377.92
2009,Maryland,11 596.34,10 023.03,21 619.37,6 318.06,5 431.09,11 749.15
2010,Maryland,11 731.66,10 159.80,21 891.46,6 354.37,5 435.92,11 790.30
2011,Maryland,11 957.34,10 656.48,22 613.82,6 161.24,5 577.62,11 738.86
2012,Maryland,12 348.41,11 358.65,23 707.06,6 195.37,5 785.92,11 981.29
2013,Maryland,12 908.83,12 021.12,24 929.95,6 400.47,5 985.96,12 386.43
2014,Maryland,13 210.23,12 897.45,26 107.68,6 394.08,6 274.56,12 668.64
2015,Maryland,13 074.00,14 032.64,27 106.64,6 263.49,6 624.66,12 888.15
2016,Maryland,13 166.70,14 851.40,28 018.10,6 398.81,6 873.80,13 272.61
2017,Maryland,13 170.13,15 840.44,29 010.57,6 414.73,7 186.86,13 601.59
2018,Maryland,13 565.59,16 426.02,29 991.61,6 587.65,7 298.52,13 886.16
2019,Maryland,13 779.75,17 087.34,30 867.09,6 645.90,7 365.91,14 011.81
2020,Maryland,14 720.08,14 325.99,29 046.06,6 858.09,6 011.42,12 869.51
2021,Maryland,16 121.67,17 893.46,34 015.13,7 261.67,7 228.84,14 490.52
2022,Maryland,18 636.25,20 418.41,39 054.66,7 536.72,7 654.11,15 190.83
2023,Maryland,19 270.43,21 953.07,41 223.50,7 397.86,7 682.88,15 080.74
1997,Massachusetts,9 207.57,7 524.58,16 732.15,6 797.15,5 959.32,12 756.47
1998,Massachusetts,9 425.84,7 935.41,17 361.25,6 856.20,6 131.03,12 987.23
1999,Massachusetts,9 995.34,8 358.45,18 353.79,7 118.17,6 277.53,13 395.70
2000,Massachusetts,10 188.90,8 988.29,19 177.19,7 140.63,6 609.19,13 749.82
2001,Massachusetts,10 482.24,9 372.62,19 854.86,7 119.79,6 693.21,13 813.00
2002,Massachusetts,10 806.43,9 914.91,20 721.34,7 261.24,6 908.73,14 169.97
2003,Massachusetts,10 940.64,10 376.78,21 317.42,7 189.05,7 082.21,14 271.25
2004,Massachusetts,11 240.81,10 950.68,22 191.48,7 073.80,7 277.42,14 351.22
2005,Massachusetts,11 574.69,11 411.91,22 986.60,7 096.28,7 374.57,14 470.85
2006,Massachusetts,11 866.24,12 037.54,23 903.78,7 113.77,7 506.39,14 620.16
2007,Massachusetts,12 263.36,12 699.55,24 962.91,7 075.62,7 598.58,14 674.20
2008,Massachusetts,12 799.25,13 005.79,25 805.05,6 953.92,7 447.34,14 401.26
2009,Massachusetts,12 702.48,12 902.43,25 604.91,6 833.86,7 144.78,13 978.64
2010,Massachusetts,13 125.18,13 602.61,26 727.78,6 995.11,7 416.89,14 412.00
2011,Massachusetts,13 910.03,14 476.77,28 386.81,7 107.62,7 704.43,14 812.05
2012,Massachusetts,14 394.10,15 368.66,29 762.76,7 158.73,7 965.39,15 124.12
2013,Massachusetts,14 893.14,16 259.91,31 153.05,7 345.61,8 287.68,15 633.29
2014,Massachusetts,15 412.38,17 540.69,32 953.06,7 474.11,8 747.82,16 221.93
2015,Massachusetts,15 938.22,19 082.13,35 020.35,7 623.92,9 300.28,16 924.20
2016,Massachusetts,16 152.87,20 425.65,36 578.51,7 831.33,9 696.94,17 528.27
2017,Massachusetts,16 619.62,21 997.76,38 617.38,8 045.17,10 203.17,18 248.33
2018,Massachusetts,17 285.30,23 076.92,40 362.22,8 265.49,10 416.02,18 681.51
2019,Massachusetts,17 826.75,23 972.09,41 798.84,8 456.68,10 518.46,18 975.13
2020,Massachusetts,18 455.44,18 809.09,37 264.54,8 464.85,7 964.99,16 429.84
2021,Massachusetts,19 104.52,24 362.50,43 467.02,8 561.53,9 847.62,18 409.15
2022,Massachusetts,21 876.36,29 472.26,51 348.62,8 902.59,11 145.50,20 048.09
2023,Massachusetts,22 230.43,33 013.25,55 243.68,8 633.85,11 682.34,20 316.20
1997,Michigan,12 121.58,9 238.51,21 360.09,9 065.59,7 045.41,16 111.00
1998,Michigan,12 301.40,9 545.43,21 846.83,9 035.68,7 095.88,16 131.56
1999,Michigan,12 928.80,9 813.72,22 742.51,9 300.65,7 115.85,16 416.50
2000,Michigan,13 812.20,10 722.12,24 534.32,9 711.57,7 560.63,17 272.20
2001,Michigan,14 226.30,10 900.61,25 126.91,9 700.51,7 471.99,17 172.50
2002,Michigan,14 092.11,11 374.57,25 466.68,9 535.58,7 632.68,17 168.26
2003,Michigan,14 338.05,11 754.84,26 092.88,9 567.01,7 733.79,17 300.80
2004,Michigan,14 742.83,12 330.39,27 073.22,9 560.00,7 879.42,17 439.42
2005,Michigan,15 093.52,12 783.52,27 877.03,9 582.26,7 899.25,17 481.51
2006,Michigan,15 395.26,13 256.29,28 651.56,9 619.95,7 974.07,17 594.02
2007,Michigan,15 763.90,13 529.16,29 293.05,9 473.96,7 867.30,17 341.26
2008,Michigan,16 187.31,13 606.65,29 793.96,9 143.13,7 554.30,16 697.43
2009,Michigan,15 728.72,13 205.75,28 934.47,8 800.62,7 067.89,15 868.52
2010,Michigan,16 171.07,13 513.79,29 684.86,9 007.93,7 154.10,16 162.03
2011,Michigan,16 850.73,14 262.55,31 113.28,8 965.02,7 364.93,16 329.96
2012,Michigan,17 971.42,15 169.52,33 140.94,9 317.15,7 611.88,16 929.03
2013,Michigan,18 909.49,15 931.85,34 841.33,9 749.56,7 806.03,17 555.59
2014,Michigan,19 871.78,17 074.57,36 946.35,9 997.47,8 140.94,18 138.41
2015,Michigan,20 288.38,18 418.88,38 707.27,10 150.98,8 521.51,18 672.49
2016,Michigan,20 971.87,19 630.43,40 602.30,10 634.36,8 855.49,19 489.86
2017,Michigan,22 621.77,20 894.62,43 516.39,11 512.07,9 270.88,20 782.95
2018,Michigan,22 875.76,21 544.28,44 420.04,11 637.93,9 335.92,20 973.85
2019,Michigan,23 206.07,22 272.60,45 478.67,11 748.07,9 400.38,21 148.45
2020,Michigan,23 680.08,18 467.51,42 147.59,11 651.70,7 600.81,19 252.51
2021,Michigan,25 664.43,23 160.12,48 824.55,12 209.39,9 070.75,21 280.14
2022,Michigan,28 330.71,26 679.86,55 010.57,11 942.42,9 610.00,21 552.42
2023,Michigan,29 275.19,29 591.38,58 866.57,11 728.70,9 978.96,21 707.66
1997,Minnesota,6 308.42,4 737.70,11 046.12,4 717.99,3 613.03,8 331.02
1998,Minnesota,6 465.39,4 999.39,11 464.78,4 748.99,3 716.44,8 465.44
1999,Minnesota,6 882.99,5 249.81,12 132.80,4 951.45,3 806.60,8 758.04
2000,Minnesota,7 233.35,5 679.12,12 912.47,5 085.88,4 004.60,9 090.48
2001,Minnesota,7 700.40,5 943.87,13 644.27,5 250.69,4 074.31,9 325.00
2002,Minnesota,7 830.05,6 244.25,14 074.29,5 298.28,4 190.08,9 488.37
2003,Minnesota,8 002.49,6 566.75,14 569.24,5 339.63,4 320.42,9 660.06
2004,Minnesota,8 227.66,7 042.09,15 269.75,5 335.23,4 500.06,9 835.30
2005,Minnesota,8 606.58,7 488.63,16 095.21,5 463.97,4 627.41,10 091.38
2006,Minnesota,8 787.75,7 812.76,16 600.51,5 491.15,4 699.61,10 190.77
2007,Minnesota,8 979.09,8 153.15,17 132.23,5 396.35,4 741.11,10 137.46
2008,Minnesota,9 326.26,8 274.82,17 601.08,5 267.78,4 594.12,9 861.89
2009,Minnesota,9 280.12,8 141.96,17 422.08,5 192.46,4 357.68,9 550.15
2010,Minnesota,9 521.11,8 311.21,17 832.32,5 303.63,4 399.90,9 703.53
2011,Minnesota,10 165.25,8 828.54,18 993.79,5 408.17,4 558.91,9 967.08
2012,Minnesota,11 119.84,9 325.25,20 445.09,5 765.00,4 679.29,10 444.29
2013,Minnesota,11 467.28,9 772.98,21 240.26,5 912.43,4 788.40,10 700.83
2014,Minnesota,11 459.99,10 416.41,21 876.39,5 765.51,4 966.41,10 731.92
2015,Minnesota,11 260.50,11 252.93,22 513.43,5 634.02,5 206.18,10 840.19
2016,Minnesota,11 419.56,11 902.99,23 322.54,5 790.60,5 369.56,11 160.16
2017,Minnesota,11 731.70,12 637.30,24 369.00,5 970.19,5 607.13,11 577.31
2018,Minnesota,12 274.95,13 160.53,25 435.47,6 244.82,5 702.94,11 947.75
2019,Minnesota,12 565.90,13 689.44,26 255.34,6 361.49,5 777.77,12 139.26
2020,Minnesota,13 125.74,11 336.04,24 461.78,6 458.47,4 665.65,11 124.13
2021,Minnesota,14 180.99,14 988.06,29 169.04,6 746.35,5 870.13,12 616.48
2022,Minnesota,15 195.83,17 327.54,32 523.37,6 405.59,6 241.33,12 646.92
2023,Minnesota,15 336.33,18 962.58,34 298.91,6 144.29,6 394.66,12 538.95
1997,Mississippi,2 981.01,2 053.79,5 034.81,2 217.05,1 577.07,3 794.11
1998,Mississippi,3 096.91,2 273.36,5 370.27,2 269.62,1 700.85,3 970.48
1999,Mississippi,3 344.67,2 513.21,5 857.88,2 412.93,1 835.42,4 248.35
2000,Mississippi,3 451.73,2 748.39,6 200.12,2 425.03,1 962.68,4 387.71
2001,Mississippi,3 730.18,2 817.94,6 548.12,2 547.82,1 959.75,4 507.57
2002,Mississippi,3 816.67,3 041.34,6 858.01,2 573.41,2 068.11,4 641.52
2003,Mississippi,3 937.60,3 203.34,7 140.94,2 598.82,2 127.45,4 726.27
2004,Mississippi,4 206.96,3 404.02,7 610.98,2 671.27,2 192.91,4 864.18
2005,Mississippi,4 478.72,3 498.74,7 977.46,2 787.13,2 190.52,4 977.65
2006,Mississippi,4 753.13,3 648.23,8 401.36,2 901.62,2 216.10,5 117.72
2007,Mississippi,5 005.89,3 820.79,8 826.68,2 932.91,2 244.26,5 177.17
2008,Mississippi,5 273.27,3 972.55,9 245.82,2 894.92,2 230.72,5 125.64
2009,Mississippi,5 186.78,3 919.77,9 106.55,2 825.92,2 123.97,4 949.90
2010,Mississippi,5 437.89,4 045.01,9 482.90,2 945.40,2 164.25,5 109.65
2011,Mississippi,5 725.91,4 308.76,10 034.67,2 950.38,2 255.21,5 205.59
2012,Mississippi,6 217.47,4 568.23,10 785.70,3 119.39,2 326.98,5 446.38
2013,Mississippi,6 278.16,4 759.22,11 037.38,3 112.84,2 369.87,5 482.72
2014,Mississippi,6 445.37,5 046.41,11 491.78,3 119.72,2 455.06,5 574.78
2015,Mississippi,6 390.54,5 455.72,11 846.26,3 061.58,2 575.59,5 637.17
2016,Mississippi,6 484.64,5 765.95,12 250.59,3 151.43,2 668.71,5 820.14
2017,Mississippi,7 033.45,6 089.03,13 122.47,3 425.75,2 762.61,6 188.36
2018,Mississippi,7 191.76,6 294.99,13 486.75,3 492.42,2 797.03,6 289.45
2019,Mississippi,7 302.34,6 582.47,13 884.81,3 521.88,2 837.53,6 359.41
2020,Mississippi,7 632.55,6 200.56,13 833.11,3 556.01,2 601.86,6 157.87
2021,Mississippi,8 205.10,7 573.43,15 778.53,3 695.82,3 059.62,6 755.44
2022,Mississippi,8 147.53,8 083.04,16 230.57,3 294.96,3 030.03,6 324.99
2023,Mississippi,8 175.85,8 613.45,16 789.30,3 138.68,3 014.43,6 153.12
1997,Missouri,7 417.94,5 822.56,13 240.50,5 547.79,4 440.36,9 988.15
1998,Missouri,7 304.87,6 099.57,13 404.45,5 365.61,4 534.30,9 899.91
1999,Missouri,7 626.54,6 351.06,13 977.60,5 486.34,4 605.10,10 091.45
2000,Missouri,7 962.08,6 772.23,14 734.31,5 598.26,4 775.39,10 373.65
2001,Missouri,8 149.84,6 993.18,15 143.02,5 557.15,4 793.58,10 350.73
2002,Missouri,8 386.52,7 305.57,15 692.09,5 674.83,4 902.26,10 577.09
2003,Missouri,8 957.01,7 637.12,16 594.13,5 976.53,5 024.65,11 001.18
2004,Missouri,9 411.13,8 116.94,17 528.07,6 102.66,5 186.92,11 289.58
2005,Missouri,10 053.55,8 501.78,18 555.32,6 382.59,5 253.46,11 636.04
2006,Missouri,10 562.51,9 003.30,19 565.81,6 600.13,5 415.76,12 015.89
2007,Missouri,11 006.28,9 351.20,20 357.49,6 614.68,5 437.79,12 052.47
2008,Missouri,11 411.09,9 555.75,20 966.84,6 445.36,5 305.27,11 750.64
2009,Missouri,11 206.65,9 447.29,20 653.94,6 270.41,5 056.31,11 326.72
2010,Missouri,11 776.93,9 667.02,21 443.96,6 560.22,5 117.65,11 677.87
2011,Missouri,12 152.85,10 067.95,22 220.80,6 465.63,5 198.92,11 664.54
2012,Missouri,12 914.57,10 528.82,23 443.39,6 695.46,5 283.23,11 978.70
2013,Missouri,13 218.86,11 011.74,24 230.60,6 815.52,5 395.35,12 210.88
2014,Missouri,13 508.94,11 756.14,25 265.08,6 796.33,5 605.18,12 401.52
2015,Missouri,13 563.63,12 750.92,26 314.54,6 786.35,5 899.22,12 685.57
2016,Missouri,13 812.39,13 477.81,27 290.21,7 003.95,6 079.98,13 083.94
2017,Missouri,14 690.20,14 211.97,28 902.18,7 475.75,6 305.81,13 781.55
2018,Missouri,14 996.42,14 762.38,29 758.80,7 629.35,6 397.08,14 026.43
2019,Missouri,15 064.35,15 317.31,30 381.66,7 626.33,6 464.83,14 091.16
2020,Missouri,15 516.24,13 798.16,29 314.40,7 634.71,5 679.01,13 313.72
2021,Missouri,16 647.41,17 149.90,33 797.31,7 919.70,6 716.83,14 636.53
2022,Missouri,17 210.98,18 894.06,36 105.05,7 255.05,6 805.58,14 060.63
2023,Missouri,17 417.12,20 312.24,37 729.37,6 977.93,6 849.80,13 827.73
1997,Montana,1 368.18,856.14,2 224.32,978.23,668.18,1 646.41
1998,Montana,1 388.88,880.74,2 269.61,963.44,669.49,1 632.93
1999,Montana,1 472.85,904.21,2 377.06,1 001.40,672.82,1 674.22
2000,Montana,1 498.78,967.53,2 466.31,998.62,704.19,1 702.81
2001,Montana,1 513.87,992.55,2 506.42,968.21,700.28,1 668.49
2002,Montana,1 523.98,1 047.33,2 571.31,956.8,715.34,1 672.14
2003,Montana,1 641.65,1 117.40,2 759.05,1 003.61,748.69,1 752.30
2004,Montana,1 775.34,1 218.29,2 993.63,1 046.33,791.92,1 838.25
2005,Montana,1 929.15,1 310.25,3 239.40,1 126.71,822.26,1 948.96
2006,Montana,2 057.40,1 389.63,3 447.03,1 187.31,847.21,2 034.53
2007,Montana,2 236.99,1 466.56,3 703.55,1 232.90,863.18,2 096.08
2008,Montana,2 311.29,1 531.38,3 842.67,1 199.83,868.3,2 068.14
2009,Montana,2 219.43,1 490.41,3 709.83,1 160.59,819.53,1 980.13
2010,Montana,2 228.34,1 511.98,3 740.32,1 172.29,821.75,1 994.05
2011,Montana,2 291.83,1 598.13,3 889.96,1 149.52,849.51,1 999.03
2012,Montana,2 416.85,1 711.61,4 128.46,1 190.74,882.82,2 073.56
2013,Montana,2 466.93,1 834.83,4 301.76,1 204.63,926.85,2 131.48
2014,Montana,2 603.27,1 961.31,4 564.59,1 236.68,966.86,2 203.54
2015,Montana,2 669.36,2 168.92,4 838.29,1 247.18,1 039.32,2 286.50
2016,Montana,2 756.75,2 314.99,5 071.74,1 302.96,1 074.06,2 377.03
2017,Montana,2 913.35,2 465.99,5 379.34,1 381.25,1 107.81,2 489.06
2018,Montana,3 121.64,2 620.21,5 741.84,1 473.56,1 138.31,2 611.87
2019,Montana,3 252.13,2 766.79,6 018.93,1 512.12,1 160.72,2 672.84
2020,Montana,3 473.13,2 663.38,6 136.52,1 552.95,1 068.40,2 621.35
2021,Montana,3 823.90,3 443.95,7 267.84,1 638.33,1 317.29,2 955.62
2022,Montana,4 096.79,3 830.71,7 927.50,1 575.57,1 365.73,2 941.30
2023,Montana,4 162.43,4 110.38,8 272.81,1 530.01,1 363.82,2 893.83
1997,Nebraska,2 410.63,1 485.01,3 895.64,1 802.88,1 132.49,2 935.37
1998,Nebraska,2 494.69,1 554.34,4 049.02,1 832.41,1 155.46,2 987.87
1999,Nebraska,2 617.67,1 662.10,4 279.78,1 883.09,1 205.18,3 088.27
2000,Nebraska,2 743.26,1 802.87,4 546.13,1 928.83,1 271.28,3 200.11
2001,Nebraska,2 779.15,1 839.21,4 618.36,1 895.03,1 260.71,3 155.74
2002,Nebraska,2 702.14,1 920.23,4 622.37,1 828.43,1 288.53,3 116.97
2003,Nebraska,2 816.34,2 039.99,4 856.33,1 879.19,1 342.16,3 221.35
2004,Nebraska,2 982.76,2 161.15,5 143.92,1 934.17,1 381.03,3 315.20
2005,Nebraska,3 190.17,2 280.73,5 470.90,2 025.31,1 409.32,3 434.63
2006,Nebraska,3 273.49,2 393.30,5 666.79,2 045.49,1 439.64,3 485.13
2007,Nebraska,3 520.64,2 501.16,6 021.80,2 115.87,1 454.44,3 570.32
2008,Nebraska,3 691.53,2 568.19,6 259.73,2 085.10,1 425.84,3 510.94
2009,Nebraska,3 614.96,2 568.02,6 182.98,2 022.66,1 374.44,3 397.10
2010,Nebraska,3 694.97,2 642.16,6 337.13,2 058.24,1 398.74,3 456.99
2011,Nebraska,3 818.04,2 787.17,6 605.21,2 031.29,1 439.25,3 470.54
2012,Nebraska,4 061.54,2 949.70,7 011.24,2 105.68,1 480.12,3 585.80
2013,Nebraska,4 175.52,3 119.70,7 295.23,2 152.86,1 528.54,3 681.40
2014,Nebraska,4 476.06,3 343.41,7 819.48,2 251.90,1 594.10,3 846.00
2015,Nebraska,4 591.40,3 615.94,8 207.34,2 297.24,1 672.92,3 970.15
2016,Nebraska,4 723.33,3 870.68,8 594.01,2 395.09,1 746.10,4 141.20
2017,Nebraska,4 999.63,4 135.95,9 135.58,2 544.28,1 835.11,4 379.39
2018,Nebraska,5 063.10,4 296.55,9 359.65,2 575.83,1 861.85,4 437.68
2019,Nebraska,5 145.79,4 471.56,9 617.35,2 605.06,1 887.27,4 492.32
2020,Nebraska,5 409.01,4 184.85,9 593.85,2 661.48,1 722.39,4 383.87
2021,Nebraska,5 890.08,5 359.49,11 249.57,2 802.10,2 099.07,4 901.17
2022,Nebraska,6 074.10,5 974.04,12 048.14,2 560.45,2 151.83,4 712.28
2023,Nebraska,6 089.59,6 387.32,12 476.91,2 439.71,2 153.97,4 593.68
1997,Nevada,2 815.89,4 054.34,6 870.23,2 013.33,3 164.24,5 177.56
1998,Nevada,2 874.35,4 288.42,7 162.76,1 993.88,3 259.85,5 253.73
1999,Nevada,2 985.63,4 902.57,7 888.21,2 029.95,3 648.00,5 677.95
2000,Nevada,3 095.59,5 490.13,8 585.73,2 062.55,3 995.86,6 058.41
2001,Nevada,3 253.88,5 533.07,8 786.95,2 081.05,3 903.78,5 984.83
2002,Nevada,3 366.19,5 659.54,9 025.72,2 113.40,3 865.52,5 978.92
2003,Nevada,3 622.14,5 942.27,9 564.41,2 214.37,3 981.46,6 195.83
2004,Nevada,4 018.24,6 508.61,10 526.85,2 368.22,4 230.77,6 598.99
2005,Nevada,4 447.75,7 013.82,11 461.56,2 597.68,4 401.55,6 999.23
2006,Nevada,5 031.07,7 561.10,12 592.16,2 903.40,4 609.77,7 513.17
2007,Nevada,5 454.54,7 862.40,13 316.95,3 006.24,4 627.60,7 633.84
2008,Nevada,5 733.85,8 114.74,13 848.58,2 976.55,4 601.09,7 577.64
2009,Nevada,5 492.17,7 631.80,13 123.97,2 871.99,4 196.51,7 068.50
2010,Nevada,5 545.07,7 992.84,13 537.91,2 917.17,4 344.07,7 261.24
2011,Nevada,5 678.50,8 563.99,14 242.49,2 848.18,4 552.30,7 400.48
2012,Nevada,6 086.18,9 035.16,15 121.34,2 998.56,4 660.19,7 658.75
2013,Nevada,6 262.79,9 646.45,15 909.24,3 058.20,4 872.85,7 931.04
2014,Nevada,6 681.25,10 538.00,17 219.26,3 173.93,5 194.85,8 368.78
2015,Nevada,7 016.67,11 478.35,18 495.02,3 278.32,5 500.29,8 778.61
2016,Nevada,7 129.99,12 155.39,19 285.38,3 369.95,5 639.64,9 009.58
2017,Nevada,7 528.48,12 839.78,20 368.26,3 569.34,5 768.09,9 337.43
2018,Nevada,7 992.57,13 583.35,21 575.92,3 772.88,5 901.09,9 673.97
2019,Nevada,8 483.56,14 388.08,22 871.64,3 944.54,6 036.08,9 980.61
2020,Nevada,9 481.25,11 797.19,21 278.44,4 239.37,4 732.37,8 971.74
2021,Nevada,10 266.27,16 261.42,26 527.69,4 398.53,6 219.91,10 618.44
2022,Nevada,12 107.23,19 403.13,31 510.36,4 656.27,6 917.64,11 573.92
2023,Nevada,12 464.68,22 063.55,34 528.22,4 581.70,7 320.68,11 902.39
1997,New Hampshire,2 396.21,1 444.27,3 840.49,1 768.92,1 143.84,2 912.75
1998,New Hampshire,2 425.17,1 523.91,3 949.08,1 764.03,1 177.40,2 941.42
1999,New Hampshire,2 629.41,1 631.86,4 261.27,1 872.53,1 225.59,3 098.12
2000,New Hampshire,2 750.16,1 769.67,4 519.83,1 927.38,1 301.26,3 228.64
2001,New Hampshire,2 859.21,1 844.24,4 703.45,1 942.05,1 317.02,3 259.06
2002,New Hampshire,2 939.70,1 961.09,4 900.79,1 975.29,1 366.49,3 341.79
2003,New Hampshire,2 950.50,2 029.76,4 980.26,1 938.76,1 385.32,3 324.08
2004,New Hampshire,3 143.85,2 162.93,5 306.78,1 978.42,1 437.40,3 415.82
2005,New Hampshire,3 316.72,2 251.14,5 567.86,2 033.44,1 454.72,3 488.16
2006,New Hampshire,3 462.01,2 344.01,5 806.02,2 075.46,1 461.68,3 537.14
2007,New Hampshire,3 600.38,2 397.73,5 998.11,2 077.32,1 434.64,3 511.96
2008,New Hampshire,3 780.98,2 427.22,6 208.20,2 054.23,1 389.87,3 444.10
2009,New Hampshire,3 754.64,2 377.29,6 131.92,2 019.97,1 316.43,3 336.41
2010,New Hampshire,3 735.01,2 437.43,6 172.45,1 990.59,1 329.02,3 319.61
2011,New Hampshire,3 947.15,2 563.02,6 510.17,2 016.88,1 364.02,3 380.90
2012,New Hampshire,4 202.72,2 705.45,6 908.17,2 090.17,1 402.20,3 492.37
2013,New Hampshire,4 182.25,2 917.56,7 099.81,2 062.77,1 487.08,3 549.85
2014,New Hampshire,4 183.43,3 163.76,7 347.19,2 028.72,1 577.82,3 606.54
2015,New Hampshire,4 325.59,3 462.78,7 788.38,2 069.11,1 687.70,3 756.81
2016,New Hampshire,4 464.81,3 707.95,8 172.75,2 164.65,1 760.32,3 924.98
2017,New Hampshire,4 575.87,3 997.58,8 573.45,2 215.07,1 854.19,4 069.26
2018,New Hampshire,4 741.87,4 209.57,8 951.44,2 267.47,1 900.03,4 167.50
2019,New Hampshire,4 926.43,4 424.62,9 351.04,2 337.01,1 941.43,4 278.44
2020,New Hampshire,5 305.42,3 925.16,9 230.58,2 433.41,1 662.17,4 095.58
2021,New Hampshire,5 500.45,5 016.00,10 516.46,2 464.98,2 027.53,4 492.51
2022,New Hampshire,5 625.45,5 632.21,11 257.66,2 289.28,2 129.93,4 419.21
2023,New Hampshire,5 337.49,5 951.72,11 289.21,2 072.97,2 106.12,4 179.10
1997,New Jersey,10 197.03,8 052.72,18 249.75,7 527.58,6 377.59,13 905.18
1998,New Jersey,10 620.83,8 622.15,19 242.98,7 725.42,6 661.61,14 387.03
1999,New Jersey,11 573.26,9 048.74,20 622.00,8 241.88,6 795.96,15 037.84
2000,New Jersey,12 217.94,9 529.85,21 747.79,8 562.63,7 007.40,15 570.03
2001,New Jersey,13 458.08,9 787.82,23 245.90,9 141.05,6 989.72,16 130.77
2002,New Jersey,14 253.80,10 361.69,24 615.49,9 577.65,7 220.06,16 797.71
2003,New Jersey,15 371.07,11 270.57,26 641.64,10 100.26,7 692.23,17 792.49
2004,New Jersey,16 058.97,11 925.33,27 984.29,10 105.86,7 925.14,18 030.99
2005,New Jersey,16 668.79,12 593.84,29 262.63,10 219.40,8 138.35,18 357.75
2006,New Jersey,16 929.04,13 530.33,30 459.37,10 148.89,8 437.27,18 586.16
2007,New Jersey,17 983.05,14 713.48,32 696.53,10 375.73,8 803.58,19 179.31
2008,New Jersey,17 997.81,14 529.66,32 527.47,9 778.34,8 319.92,18 098.26
2009,New Jersey,17 561.32,14 322.76,31 884.07,9 447.89,7 931.29,17 379.18
2010,New Jersey,17 863.34,14 603.50,32 466.84,9 520.33,7 962.64,17 482.97
2011,New Jersey,18 403.50,15 158.61,33 562.11,9 403.65,8 067.30,17 470.96
2012,New Jersey,18 994.69,15 894.65,34 889.34,9 446.77,8 238.00,17 684.78
2013,New Jersey,19 063.70,16 742.78,35 806.47,9 402.62,8 533.79,17 936.41
2014,New Jersey,19 593.16,17 947.67,37 540.82,9 501.55,8 950.78,18 452.34
2015,New Jersey,19 428.41,19 274.71,38 703.12,9 293.42,9 394.14,18 687.56
2016,New Jersey,18 844.61,20 552.64,39 397.25,9 136.35,9 757.24,18 893.59
2017,New Jersey,19 042.99,22 059.50,41 102.48,9 218.26,10 231.80,19 450.07
2018,New Jersey,19 846.11,23 344.30,43 190.41,9 490.02,10 536.70,20 026.72
2019,New Jersey,20 451.94,24 475.66,44 927.60,9 702.02,10 739.41,20 441.43
2020,New Jersey,21 502.16,20 249.33,41 751.49,9 862.27,8 574.88,18 437.15
2021,New Jersey,22 587.35,26 563.39,49 150.73,10 122.33,10 737.25,20 859.58
2022,New Jersey,25 783.45,31 785.72,57 569.17,10 492.58,12 020.38,22 512.96
2023,New Jersey,26 251.61,35 500.04,61 751.65,10 195.60,12 562.34,22 757.94
1997,New Mexico,2 511.49,1 760.76,4 272.25,1 795.68,1 374.20,3 169.88
1998,New Mexico,2 461.72,1 830.66,4 292.38,1 707.66,1 391.58,3 099.24
1999,New Mexico,2 427.10,1 921.61,4 348.71,1 650.20,1 429.87,3 080.07
2000,New Mexico,2 556.57,2 082.68,4 639.25,1 703.41,1 515.83,3 219.23
2001,New Mexico,2 634.01,2 182.90,4 816.91,1 684.61,1 540.11,3 224.72
2002,New Mexico,2 689.42,2 309.91,4 999.33,1 688.50,1 577.69,3 266.20
2003,New Mexico,2 861.67,2 456.84,5 318.51,1 749.47,1 646.14,3 395.60
2004,New Mexico,3 056.70,2 608.68,5 665.38,1 801.52,1 695.71,3 497.23
2005,New Mexico,3 189.47,2 750.27,5 939.73,1 862.79,1 725.94,3 588.73
2006,New Mexico,3 405.80,3 013.35,6 419.15,1 965.47,1 837.15,3 802.61
2007,New Mexico,3 626.67,3 167.62,6 794.29,1 998.82,1 864.38,3 863.20
2008,New Mexico,3 948.36,3 192.18,7 140.53,2 049.67,1 809.98,3 859.64
2009,New Mexico,3 944.57,3 136.39,7 080.95,2 062.71,1 724.61,3 787.32
2010,New Mexico,3 970.51,3 187.68,7 158.19,2 088.82,1 732.49,3 821.31
2011,New Mexico,4 169.46,3 346.69,7 516.14,2 091.29,1 778.98,3 870.26
2012,New Mexico,4 538.47,3 500.54,8 039.01,2 236.03,1 805.52,4 041.55
2013,New Mexico,4 516.89,3 739.95,8 256.84,2 205.65,1 889.21,4 094.87
2014,New Mexico,4 607.35,4 069.11,8 676.47,2 188.72,2 005.92,4 194.65
2015,New Mexico,4 704.78,4 462.30,9 167.08,2 198.16,2 138.28,4 336.44
2016,New Mexico,4 746.05,4 768.45,9 514.50,2 243.19,2 212.38,4 455.57
2017,New Mexico,4 876.20,5 054.35,9 930.55,2 311.86,2 270.60,4 582.46
2018,New Mexico,5 137.15,5 394.47,10 531.62,2 424.98,2 343.55,4 768.53
2019,New Mexico,5 355.26,5 687.70,11 042.97,2 489.99,2 386.10,4 876.10
2020,New Mexico,5 811.38,5 139.91,10 951.29,2 598.45,2 061.84,4 660.29
2021,New Mexico,6 350.66,6 375.29,12 725.95,2 720.91,2 438.51,5 159.42
2022,New Mexico,6 722.83,7 261.70,13 984.53,2 585.51,2 588.96,5 174.46
2023,New Mexico,6 833.89,7 991.29,14 825.18,2 511.97,2 651.51,5 163.48
1997,New York,22 498.59,18 049.33,40 547.91,16 608.76,14 294.70,30 903.46
1998,New York,22 690.07,18 980.35,41 670.41,16 504.39,14 664.52,31 168.91
1999,New York,23 350.17,19 825.52,43 175.69,16 628.79,14 889.75,31 518.54
2000,New York,24 437.72,21 438.33,45 876.05,17 126.55,15 763.85,32 890.40
2001,New York,25 566.46,21 797.71,47 364.17,17 365.34,15 566.28,32 931.62
2002,New York,26 250.22,22 491.87,48 742.09,17 638.49,15 672.39,33 310.88
2003,New York,27 209.04,23 998.02,51 207.06,17 878.94,16 378.78,34 257.71
2004,New York,28 603.05,25 922.67,54 525.72,17 999.80,17 227.26,35 227.07
2005,New York,30 293.42,27 500.72,57 794.14,18 572.47,17 771.43,36 343.90
2006,New York,31 753.60,29 233.38,60 986.98,19 036.16,18 229.40,37 265.56
2007,New York,32 993.09,31 580.60,64 573.69,19 036.11,18 895.77,37 931.88
2008,New York,34 364.07,32 646.57,67 010.64,18 670.24,18 693.97,37 364.22
2009,New York,34 023.33,32 688.21,66 711.55,18 304.35,18 101.25,36 405.60
2010,New York,35 299.43,34 454.20,69 753.63,18 812.96,18 786.34,37 599.29
2011,New York,37 464.96,37 380.45,74 845.41,19 143.50,19 893.60,39 037.10
2012,New York,39 520.55,40 029.34,79 549.89,19 655.06,20 746.71,40 401.78
2013,New York,40 231.23,42 807.05,83 038.28,19 842.90,21 818.76,41 661.66
2014,New York,41 665.24,46 684.86,88 350.11,20 205.24,23 282.47,43 487.71
2015,New York,41 576.96,50 977.66,92 554.63,19 888.00,24 845.58,44 733.58
2016,New York,41 472.00,53 706.55,95 178.55,20 106.69,25 496.84,45 603.53
2017,New York,42 968.73,58 244.36,101 213.09,20 800.14,27 015.35,47 815.49
2018,New York,44 618.96,60 787.23,105 406.19,21 335.92,27 436.98,48 772.89
2019,New York,45 470.63,62 836.54,108 307.16,21 570.42,27 571.37,49 141.79
2020,New York,46 557.57,47 077.69,93 635.25,21 354.29,19 935.74,41 290.04
2021,New York,48 900.56,62 144.23,111 044.79,21 914.38,25 119.46,47 033.84
2022,New York,55 385.32,76 774.01,132 159.33,22 539.07,29 033.56,51 572.63
2023,New York,56 701.58,87 901.18,144 602.77,22 021.76,31 105.44,53 127.20
1997,North Carolina,11 885.20,7 585.01,19 470.21,8 839.29,5 824.37,14 663.66
1998,North Carolina,12 050.43,7 999.93,20 050.36,8 831.37,5 985.28,14 816.65
1999,North Carolina,12 481.28,8 475.47,20 956.75,9 004.30,6 189.72,15 194.02
2000,North Carolina,13 292.72,9 171.76,22 464.48,9 338.86,6 549.73,15 888.59
2001,North Carolina,13 945.66,9 588.30,23 533.96,9 525.28,6 668.23,16 193.50
2002,North Carolina,14 034.77,10 094.78,24 129.55,9 463.02,6 864.45,16 327.47
2003,North Carolina,13 751.56,10 712.61,24 464.17,9 076.03,7 114.62,16 190.64
2004,North Carolina,14 533.44,11 694.32,26 227.76,9 228.21,7 533.61,16 761.82
2005,North Carolina,15 378.56,12 417.64,27 796.20,9 570.17,7 774.52,17 344.69
2006,North Carolina,15 971.07,13 503.98,29 475.05,9 749.78,8 202.91,17 952.70
2007,North Carolina,17 011.12,14 541.97,31 553.09,9 966.70,8 541.66,18 508.36
2008,North Carolina,17 856.01,15 009.99,32 866.00,9 802.60,8 428.59,18 231.20
2009,North Carolina,17 299.82,14 775.45,32 075.26,9 425.49,8 006.24,17 431.73
2010,North Carolina,17 506.34,15 291.82,32 798.16,9 482.19,8 181.77,17 663.96
2011,North Carolina,18 464.55,16 194.96,34 659.51,9 514.20,8 476.46,17 990.66
2012,North Carolina,19 975.86,17 131.74,37 107.60,10 022.16,8 726.64,18 748.80
2013,North Carolina,20 253.44,18 246.76,38 500.20,10 042.08,9 086.04,19 128.12
2014,North Carolina,21 212.04,19 649.08,40 861.12,10 267.16,9 559.20,19 826.36
2015,North Carolina,21 710.08,21 447.57,43 157.65,10 400.87,10 125.17,20 526.04
2016,North Carolina,22 429.48,22 987.94,45 417.42,10 900.37,10 639.71,21 540.08
2017,North Carolina,23 975.06,24 681.11,48 656.17,11 677.45,11 197.90,22 875.34
2018,North Carolina,24 820.97,25 919.33,50 740.30,12 053.42,11 516.65,23 570.07
2019,North Carolina,25 924.99,27 487.92,53 412.91,12 503.49,11 849.33,24 352.82
2020,North Carolina,28 372.20,24 908.97,53 281.17,13 218.62,10 452.21,23 670.84
2021,North Carolina,30 925.52,30 790.69,61 716.21,13 929.76,12 439.24,26 369.01
2022,North Carolina,33 156.88,36 046.50,69 203.38,13 409.03,13 512.51,26 921.54
2023,North Carolina,33 857.31,39 120.07,72 977.38,12 997.72,13 690.78,26 688.50
1997,North Dakota,851.89,543.96,1 395.85,637.12,414.83,1 051.95
1998,North Dakota,847.13,568.05,1 415.18,622.23,422.28,1 044.51
1999,North Dakota,873.57,583.25,1 456.81,628.42,422.91,1 051.33
2000,North Dakota,899.63,623.94,1 523.57,632.54,439.97,1 072.51
2001,North Dakota,926.58,644.06,1 570.64,631.81,441.48,1 073.29
2002,North Dakota,945.43,672.31,1 617.73,639.73,451.14,1 090.87
2003,North Dakota,990.5,704.87,1 695.37,660.91,463.75,1 124.66
2004,North Dakota,1 037.32,754.45,1 791.77,672.65,482.11,1 154.76
2005,North Dakota,1 104.05,800.87,1 904.92,700.92,494.88,1 195.80
2006,North Dakota,1 172.52,844.22,2 016.74,732.66,507.82,1 240.49
2007,North Dakota,1 175.48,899.34,2 074.82,706.45,522.97,1 229.43
2008,North Dakota,1 323.35,959.28,2 282.62,747.47,532.58,1 280.05
2009,North Dakota,1 337.76,1 008.75,2 346.51,748.51,539.89,1 288.41
2010,North Dakota,1 396.43,1 080.31,2 476.75,777.87,571.91,1 349.78
2011,North Dakota,1 485.49,1 190.82,2 676.31,790.32,614.92,1 405.24
2012,North Dakota,1 688.78,1 334.35,3 023.12,875.53,669.56,1 545.09
2013,North Dakota,1 788.88,1 404.08,3 192.96,922.33,687.95,1 610.28
2014,North Dakota,1 869.98,1 508.14,3 378.12,940.78,719.06,1 659.85
2015,North Dakota,1 823.86,1 587.25,3 411.10,912.54,734.34,1 646.88
2016,North Dakota,1 783.94,1 596.08,3 380.01,904.59,720.01,1 624.60
2017,North Dakota,1 828.16,1 670.63,3 498.79,930.34,741.25,1 671.59
2018,North Dakota,1 879.58,1 746.84,3 626.42,956.23,756.97,1 713.20
2019,North Dakota,1 894.08,1 805.09,3 699.17,958.88,761.86,1 720.73
2020,North Dakota,1 968.59,1 655.01,3 623.60,968.64,681.16,1 649.80
2021,North Dakota,2 144.74,2 063.45,4 208.19,1 020.32,808.16,1 828.48
2022,North Dakota,2 245.44,2 212.83,4 458.26,946.53,797.05,1 743.59
2023,North Dakota,2 277.93,2 324.07,4 602.00,912.62,783.73,1 696.36
1997,Ohio,13 379.64,11 718.84,25 098.48,10 006.47,8 936.95,18 943.42
1998,Ohio,13 559.73,12 162.79,25 722.51,9 959.95,9 041.57,19 001.52
1999,Ohio,14 304.73,12 553.37,26 858.09,10 290.46,9 102.35,19 392.81
2000,Ohio,15 114.66,13 298.89,28 413.55,10 627.35,9 377.63,20 004.98
2001,Ohio,15 625.03,13 549.41,29 174.44,10 654.27,9 287.65,19 941.92
2002,Ohio,15 948.14,13 988.90,29 937.04,10 791.48,9 386.97,20 178.45
2003,Ohio,17 894.77,14 667.11,32 561.88,11 940.22,9 649.85,21 590.07
2004,Ohio,18 288.46,15 733.86,34 022.32,11 859.16,10 054.32,21 913.48
2005,Ohio,19 775.48,16 496.94,36 272.41,12 554.65,10 193.86,22 748.51
2006,Ohio,20 495.73,17 135.12,37 630.85,12 807.05,10 307.30,23 114.35
2007,Ohio,21 456.09,17 628.81,39 084.91,12 894.92,10 251.28,23 146.20
2008,Ohio,23 307.24,17 889.72,41 196.96,13 164.70,9 932.23,23 096.93
2009,Ohio,22 856.42,17 643.17,40 499.59,12 788.75,9 442.86,22 231.61
2010,Ohio,23 621.07,18 237.47,41 858.55,13 157.87,9 654.79,22 812.66
2011,Ohio,24 841.48,19 322.59,44 164.07,13 216.30,9 977.85,23 194.16
2012,Ohio,26 912.27,20 520.85,47 433.11,13 952.47,10 297.11,24 249.57
2013,Ohio,26 569.80,21 612.61,48 182.41,13 699.15,10 589.40,24 288.54
2014,Ohio,26 698.23,22 936.09,49 634.32,13 431.85,10 935.64,24 367.49
2015,Ohio,26 289.68,24 671.36,50 961.04,13 153.64,11 414.22,24 567.86
2016,Ohio,26 233.96,25 976.89,52 210.85,13 302.65,11 718.45,25 021.10
2017,Ohio,26 733.85,27 470.15,54 204.00,13 604.68,12 188.42,25 793.10
2018,Ohio,27 508.01,28 663.00,56 171.01,13 994.56,12 420.72,26 415.28
2019,Ohio,27 856.92,29 747.68,57 604.60,14 102.57,12 555.31,26 657.88
2020,Ohio,29 400.26,26 758.26,56 158.52,14 466.29,11 013.09,25 479.39
2021,Ohio,31 058.83,33 092.54,64 151.37,14 775.68,12 960.82,27 736.50
2022,Ohio,32 483.19,36 774.01,69 257.20,13 692.83,13 245.88,26 938.72
2023,Ohio,32 550.73,39 170.16,71 720.89,13 041.00,13 209.17,26 250.17
1997,Oklahoma,3 850.33,3 087.58,6 937.91,2 863.57,2 370.89,5 234.47
1998,Oklahoma,3 931.49,3 176.66,7 108.15,2 881.26,2 376.67,5 257.93
1999,Oklahoma,4 087.28,3 365.99,7 453.27,2 948.66,2 458.22,5 406.88
2000,Oklahoma,4 285.44,3 645.54,7 930.98,3 010.76,2 603.35,5 614.11
2001,Oklahoma,4 456.61,3 785.26,8 241.87,3 043.99,2 632.47,5 676.47
2002,Oklahoma,4 455.54,3 916.35,8 371.89,3 004.17,2 663.12,5 667.29
2003,Oklahoma,4 713.61,4 054.64,8 768.25,3 110.98,2 692.83,5 803.81
2004,Oklahoma,5 058.58,4 286.59,9 345.17,3 212.02,2 761.47,5 973.49
2005,Oklahoma,5 502.47,4 526.79,10 029.26,3 424.22,2 834.16,6 258.38
2006,Oklahoma,5 862.63,4 788.47,10 651.10,3 578.93,2 908.73,6 487.66
2007,Oklahoma,6 148.79,4 945.32,11 094.11,3 602.53,2 904.78,6 507.31
2008,Oklahoma,6 526.46,5 175.54,11 702.00,3 582.90,2 906.23,6 489.13
2009,Oklahoma,6 468.70,5 281.79,11 750.49,3 524.35,2 862.00,6 386.35
2010,Oklahoma,6 694.52,5 411.55,12 106.06,3 626.04,2 895.41,6 521.45
2011,Oklahoma,7 007.42,5 821.16,12 828.57,3 610.70,3 046.80,6 657.50
2012,Oklahoma,7 738.93,6 221.03,13 959.95,3 882.73,3 168.89,7 051.62
2013,Oklahoma,7 822.27,6 594.18,14 416.46,3 878.45,3 283.60,7 162.04
2014,Oklahoma,8 094.99,7 094.04,15 189.03,3 918.18,3 451.22,7 369.40
2015,Oklahoma,8 197.63,7 751.60,15 949.22,3 927.32,3 659.45,7 586.77
2016,Oklahoma,8 283.57,8 158.78,16 442.35,4 025.69,3 776.20,7 801.88
2017,Oklahoma,8 503.79,8 613.30,17 117.09,4 141.91,3 907.88,8 049.79
2018,Oklahoma,8 746.01,9 091.99,17 838.00,4 247.19,4 039.81,8 287.00
2019,Oklahoma,8 860.02,9 579.33,18 439.35,4 273.14,4 129.40,8 402.54
2020,Oklahoma,9 718.87,9 317.76,19 036.63,4 528.03,3 909.88,8 437.91
2021,Oklahoma,10 561.41,11 313.81,21 875.21,4 757.17,4 570.71,9 327.88
2022,Oklahoma,10 847.10,11 991.04,22 838.14,4 386.70,4 495.00,8 881.70
2023,Oklahoma,11 129.55,12 697.43,23 826.97,4 272.60,4 443.70,8 716.30
1997,Oregon,4 848.78,3 461.35,8 310.13,3 466.82,2 701.43,6 168.25
1998,Oregon,4 930.35,3 603.21,8 533.56,3 420.10,2 738.99,6 159.09
1999,Oregon,5 217.58,3 741.92,8 959.50,3 547.47,2 784.36,6 331.83
2000,Oregon,5 471.10,4 020.84,9 491.95,3 645.31,2 926.47,6 571.78
2001,Oregon,5 782.66,4 191.34,9 974.00,3 698.36,2 957.14,6 655.50
2002,Oregon,5 970.23,4 344.59,10 314.83,3 748.30,2 967.40,6 715.71
2003,Oregon,6 314.86,4 592.43,10 907.29,3 860.56,3 077.03,6 937.58
2004,Oregon,6 778.21,4 923.48,11 701.69,3 994.85,3 200.40,7 195.25
2005,Oregon,7 250.39,5 262.72,12 513.11,4 234.55,3 302.64,7 537.19
2006,Oregon,7 740.71,5 676.42,13 417.14,4 467.13,3 460.74,7 927.87
2007,Oregon,8 257.67,6 100.06,14 357.73,4 551.16,3 590.33,8 141.50
2008,Oregon,8 834.35,6 265.69,15 100.04,4 586.08,3 552.67,8 138.75
2009,Oregon,8 640.72,5 955.27,14 595.98,4 518.45,3 274.63,7 793.08
2010,Oregon,8 999.26,6 089.06,15 088.32,4 734.35,3 309.38,8 043.73
2011,Oregon,9 517.58,6 430.97,15 948.55,4 773.76,3 418.47,8 192.23
2012,Oregon,10 483.01,6 803.84,17 286.85,5 164.81,3 509.31,8 674.12
2013,Oregon,10 544.12,7 341.45,17 885.57,5 148.82,3 708.49,8 857.31
2014,Oregon,10 838.60,8 060.04,18 898.64,5 148.87,3 973.31,9 122.18
2015,Oregon,10 998.01,9 013.64,20 011.66,5 138.47,4 319.23,9 457.71
2016,Oregon,11 057.25,9 738.28,20 795.53,5 226.15,4 518.19,9 744.33
2017,Oregon,11 536.28,10 588.04,22 124.32,5 469.48,4 756.53,10 226.01
2018,Oregon,11 921.47,11 263.95,23 185.42,5 627.51,4 893.46,10 520.97
2019,Oregon,12 476.68,11 871.17,24 347.85,5 801.18,4 980.18,10 781.37
2020,Oregon,13 510.11,10 218.73,23 728.84,6 040.80,4 099.18,10 139.98
2021,Oregon,14 694.67,12 771.28,27 465.96,6 295.86,4 884.95,11 180.81
2022,Oregon,16 474.67,14 832.81,31 307.49,6 335.93,5 288.23,11 624.16
2023,Oregon,16 895.09,16 584.71,33 479.80,6 210.21,5 502.80,11 713.02
1997,Pennsylvania,16 941.48,10 515.69,27 457.17,12 506.43,8 328.21,20 834.64
1998,Pennsylvania,16 791.79,10 987.02,27 778.81,12 214.08,8 488.75,20 702.83
1999,Pennsylvania,17 617.47,11 576.93,29 194.39,12 546.25,8 694.73,21 240.99
2000,Pennsylvania,18 046.93,12 339.94,30 386.87,12 647.73,9 073.70,21 721.43
2001,Pennsylvania,18 521.04,12 818.17,31 339.21,12 579.93,9 153.77,21 733.69
2002,Pennsylvania,19 037.37,13 464.03,32 501.39,12 791.91,9 381.77,22 173.68
2003,Pennsylvania,19 886.81,14 100.87,33 987.68,13 067.53,9 623.92,22 691.45
2004,Pennsylvania,21 191.02,14 894.33,36 085.34,13 335.44,9 898.23,23 233.66
2005,Pennsylvania,21 916.05,15 772.50,37 688.55,13 436.42,10 192.45,23 628.88
2006,Pennsylvania,22 599.98,16 656.88,39 256.86,13 548.60,10 386.92,23 935.53
2007,Pennsylvania,23 497.90,17 538.86,41 036.77,13 557.64,10 494.11,24 051.75
2008,Pennsylvania,24 440.26,17 979.16,42 419.42,13 278.57,10 295.17,23 573.73
2009,Pennsylvania,24 052.11,17 747.27,41 799.38,12 939.89,9 827.63,22 767.52
2010,Pennsylvania,24 525.06,18 254.61,42 779.68,13 070.72,9 953.42,23 024.14
2011,Pennsylvania,25 409.31,19 258.51,44 667.82,12 983.42,10 249.23,23 232.65
2012,Pennsylvania,26 680.57,20 257.60,46 938.17,13 269.26,10 499.26,23 768.52
2013,Pennsylvania,26 534.14,21 201.83,47 735.97,13 087.20,10 806.57,23 893.78
2014,Pennsylvania,27 115.98,22 548.85,49 664.83,13 149.68,11 245.47,24 395.15
2015,Pennsylvania,27 268.48,24 242.30,51 510.79,13 043.66,11 815.25,24 858.91
2016,Pennsylvania,27 446.96,25 654.25,53 101.21,13 306.99,12 179.19,25 486.19
2017,Pennsylvania,27 771.81,27 318.21,55 090.02,13 443.67,12 670.94,26 114.62
2018,Pennsylvania,28 982.23,28 646.34,57 628.57,13 858.74,12 929.84,26 788.58
2019,Pennsylvania,29 769.60,29 923.32,59 692.91,14 122.14,13 129.73,27 251.87
2020,Pennsylvania,31 238.41,24 963.22,56 201.63,14 327.94,10 571.05,24 898.99
2021,Pennsylvania,33 708.15,31 757.88,65 466.02,15 106.03,12 836.92,27 942.95
2022,Pennsylvania,36 843.94,36 762.07,73 606.01,14 993.65,13 902.28,28 895.93
2023,Pennsylvania,37 821.57,40 430.96,78 252.53,14 689.14,14 307.24,28 996.38
1997,Rhode Island,880.86,1 143.55,2 024.40,650.26,905.67,1 555.93
1998,Rhode Island,928.93,1 198.49,2 127.42,675.69,925.97,1 601.66
1999,Rhode Island,1 009.21,1 296.98,2 306.19,718.71,974.08,1 692.79
2000,Rhode Island,1 098.01,1 428.86,2 526.87,769.51,1 050.66,1 820.17
2001,Rhode Island,1 238.77,1 483.00,2 721.77,841.4,1 059.05,1 900.45
2002,Rhode Island,1 330.65,1 581.47,2 912.12,894.11,1 101.97,1 996.08
2003,Rhode Island,1 386.77,1 665.94,3 052.71,911.24,1 137.01,2 048.25
2004,Rhode Island,1 457.38,1 754.25,3 211.63,917.13,1 165.81,2 082.94
2005,Rhode Island,1 510.21,1 794.19,3 304.40,925.89,1 159.43,2 085.32
2006,Rhode Island,1 561.08,1 839.63,3 400.71,935.86,1 147.16,2 083.02
2007,Rhode Island,1 851.60,1 903.89,3 755.50,1 068.32,1 139.17,2 207.49
2008,Rhode Island,1 862.13,1 942.66,3 804.79,1 011.71,1 112.40,2 124.11
2009,Rhode Island,1 785.36,1 902.33,3 687.69,960.51,1 053.43,2 013.94
2010,Rhode Island,1 777.15,1 974.63,3 751.78,947.14,1 076.68,2 023.81
2011,Rhode Island,1 837.85,2 082.34,3 920.19,939.09,1 108.21,2 047.30
2012,Rhode Island,1 964.09,2 226.26,4 190.36,976.82,1 153.84,2 130.66
2013,Rhode Island,2 033.49,2 354.34,4 387.82,1 002.96,1 200.00,2 202.96
2014,Rhode Island,2 143.83,2 560.41,4 704.24,1 039.63,1 276.92,2 316.55
2015,Rhode Island,2 208.46,2 785.60,4 994.05,1 056.40,1 357.65,2 414.05
2016,Rhode Island,2 292.86,2 952.90,5 245.76,1 111.64,1 401.87,2 513.51
2017,Rhode Island,2 389.51,3 159.35,5 548.86,1 156.70,1 465.39,2 622.10
2018,Rhode Island,2 485.17,3 333.79,5 818.96,1 188.36,1 504.74,2 693.10
2019,Rhode Island,2 559.43,3 491.22,6 050.65,1 214.15,1 531.88,2 746.02
2020,Rhode Island,2 658.60,2 921.52,5 580.12,1 219.40,1 237.16,2 456.56
2021,Rhode Island,2 929.64,3 879.13,6 808.78,1 312.90,1 567.99,2 880.89
2022,Rhode Island,3 357.03,4 510.81,7 867.84,1 366.14,1 705.85,3 071.99
2023,Rhode Island,3 467.07,4 907.45,8 374.52,1 346.54,1 736.59,3 083.13
1997,South Carolina,6 415.70,3 949.43,10 365.13,4 771.50,3 032.68,7 804.18
1998,South Carolina,6 315.66,4 211.59,10 527.25,4 628.55,3 150.97,7 779.52
1999,South Carolina,6 444.37,4 588.96,11 033.33,4 649.12,3 351.37,8 000.49
2000,South Carolina,6 648.10,4 964.04,11 612.14,4 670.66,3 544.91,8 215.57
2001,South Carolina,6 800.34,5 174.86,11 975.19,4 644.82,3 598.88,8 243.70
2002,South Carolina,6 871.28,5 483.30,12 354.58,4 633.00,3 728.65,8 361.65
2003,South Carolina,7 024.74,5 807.52,12 832.26,4 636.33,3 856.98,8 493.30
2004,South Carolina,7 514.16,6 245.27,13 759.43,4 771.23,4 023.27,8 794.49
2005,South Carolina,8 036.24,6 591.33,14 627.57,5 001.00,4 126.75,9 127.74
2006,South Carolina,8 403.22,7 018.73,15 421.95,5 129.87,4 263.49,9 393.36
2007,South Carolina,8 822.70,7 459.90,16 282.60,5 169.16,4 381.80,9 550.95
2008,South Carolina,9 034.91,7 730.99,16 765.90,4 959.99,4 341.20,9 301.19
2009,South Carolina,8 861.70,7 558.67,16 420.37,4 828.14,4 095.75,8 923.89
2010,South Carolina,9 159.89,7 764.36,16 924.26,4 961.40,4 154.26,9 115.66
2011,South Carolina,9 562.09,8 223.91,17 786.00,4 927.04,4 304.40,9 231.45
2012,South Carolina,9 993.66,8 720.87,18 714.53,5 013.96,4 442.28,9 456.23
2013,South Carolina,10 164.53,9 258.24,19 422.77,5 039.79,4 610.17,9 649.96
2014,South Carolina,10 738.73,10 041.10,20 779.84,5 197.82,4 884.96,10 082.77
2015,South Carolina,10 820.35,11 080.07,21 900.42,5 183.82,5 230.78,10 414.60
2016,South Carolina,10 994.42,11 866.75,22 861.17,5 343.11,5 492.39,10 835.50
2017,South Carolina,11 434.27,12 712.61,24 146.88,5 569.25,5 767.75,11 337.00
2018,South Carolina,12 092.77,13 637.19,25 729.96,5 872.42,6 059.37,11 931.79
2019,South Carolina,12 515.72,14 417.39,26 933.10,6 036.27,6 214.96,12 251.23
2020,South Carolina,13 563.28,13 812.04,27 375.31,6 319.14,5 795.76,12 114.89
2021,South Carolina,14 523.84,17 067.48,31 591.32,6 541.96,6 895.15,13 437.12
2022,South Carolina,15 322.69,18 929.12,34 251.81,6 196.68,7 095.83,13 292.51
2023,South Carolina,15 687.11,20 416.25,36 103.36,6 022.23,7 145.04,13 167.27
1997,South Dakota,1 021.30,663.91,1 685.21,763.82,506.31,1 270.12
1998,South Dakota,1 031.12,697.07,1 728.20,757.39,518.19,1 275.57
1999,South Dakota,1 068.06,728.93,1 796.99,768.34,528.54,1 296.88
2000,South Dakota,1 127.98,795.91,1 923.90,793.1,561.23,1 354.34
2001,South Dakota,1 204.50,845.06,2 049.56,821.31,579.26,1 400.57
2002,South Dakota,1 209.16,885.44,2 094.60,818.19,594.15,1 412.35
2003,South Dakota,1 258.27,925.73,2 184.00,839.57,609.06,1 448.64
2004,South Dakota,1 334.98,988.62,2 323.60,865.67,631.75,1 497.42
2005,South Dakota,1 450.84,1 037.50,2 488.34,921.08,641.1,1 562.17
2006,South Dakota,1 510.29,1 102.24,2 612.53,943.73,663.03,1 606.76
2007,South Dakota,1 595.84,1 136.79,2 732.63,959.08,661.05,1 620.13
2008,South Dakota,1 677.07,1 180.67,2 857.74,947.27,655.5,1 602.76
2009,South Dakota,1 682.39,1 192.01,2 874.39,941.34,637.98,1 579.32
2010,South Dakota,1 737.02,1 228.53,2 965.55,967.59,650.37,1 617.96
2011,South Dakota,1 845.94,1 298.61,3 144.55,982.09,670.58,1 652.67
2012,South Dakota,1 998.43,1 376.67,3 375.10,1 036.07,690.79,1 726.87
2013,South Dakota,1 992.99,1 449.91,3 442.90,1 027.57,710.4,1 737.97
2014,South Dakota,2 029.94,1 559.56,3 589.50,1 021.26,743.58,1 764.84
2015,South Dakota,2 035.94,1 687.00,3 722.94,1 018.65,780.49,1 799.14
2016,South Dakota,2 109.58,1 797.02,3 906.60,1 069.72,810.66,1 880.38
2017,South Dakota,2 160.67,1 917.37,4 078.04,1 099.55,850.73,1 950.28
2018,South Dakota,2 172.43,1 986.62,4 159.05,1 105.21,860.87,1 966.09
2019,South Dakota,2 187.93,2 050.62,4 238.54,1 107.64,865.48,1 973.12
2020,South Dakota,2 268.83,1 894.38,4 163.21,1 116.37,779.68,1 896.06
2021,South Dakota,2 483.77,2 422.12,4 905.89,1 181.61,948.63,2 130.24
2022,South Dakota,2 589.60,2 676.83,5 266.43,1 091.61,964.18,2 055.80
2023,South Dakota,2 631.97,2 865.92,5 497.89,1 054.46,966.46,2 020.92
1997,Tennessee,5 327.65,5 744.61,11 072.26,3 962.29,4 411.17,8 373.46
1998,Tennessee,6 473.45,5 999.60,12 473.05,4 744.18,4 488.70,9 232.88
1999,Tennessee,6 998.59,6 243.46,13 242.05,5 048.95,4 559.66,9 608.62
2000,Tennessee,7 289.45,6 777.48,14 066.93,5 121.23,4 839.93,9 961.16
2001,Tennessee,7 798.03,7 046.01,14 844.04,5 326.27,4 900.18,10 226.45
2002,Tennessee,8 504.25,7 386.04,15 890.29,5 734.04,5 022.51,10 756.54
2003,Tennessee,8 821.84,7 937.96,16 759.80,5 822.42,5 271.87,11 094.29
2004,Tennessee,9 367.30,8 499.80,17 867.11,5 947.90,5 475.66,11 423.56
2005,Tennessee,9 940.93,9 057.33,18 998.25,6 186.30,5 670.67,11 856.97
2006,Tennessee,10 573.94,9 642.74,20 216.67,6 455.02,5 857.42,12 312.44
2007,Tennessee,11 388.26,10 073.98,21 462.23,6 672.30,5 917.25,12 589.55
2008,Tennessee,12 027.08,10 289.11,22 316.20,6 602.63,5 777.67,12 380.30
2009,Tennessee,11 997.23,10 070.42,22 067.65,6 536.47,5 456.77,11 993.25
2010,Tennessee,12 457.91,10 387.50,22 845.41,6 747.74,5 557.75,12 305.49
2011,Tennessee,13 127.58,11 053.35,24 180.93,6 764.23,5 785.34,12 549.57
2012,Tennessee,13 996.78,11 846.59,25 843.38,7 022.38,6 034.47,13 056.85
2013,Tennessee,13 999.62,12 649.91,26 649.54,6 941.30,6 299.07,13 240.38
2014,Tennessee,14 378.94,13 747.30,28 126.24,6 959.77,6 688.01,13 647.78
2015,Tennessee,14 228.82,15 070.53,29 299.35,6 816.74,7 114.64,13 931.38
2016,Tennessee,14 570.53,16 182.12,30 752.64,7 081.05,7 489.71,14 570.76
2017,Tennessee,14 521.93,17 311.71,31 833.64,7 073.15,7 854.38,14 927.52
2018,Tennessee,15 030.25,18 252.46,33 282.71,7 298.91,8 110.06,15 408.96
2019,Tennessee,15 601.07,19 387.02,34 988.09,7 524.32,8 357.24,15 881.56
2020,Tennessee,19 110.18,18 057.35,37 167.53,8 903.44,7 577.16,16 480.60
2021,Tennessee,20 458.05,22 080.90,42 538.95,9 214.91,8 920.54,18 135.45
2022,Tennessee,21 795.93,24 662.36,46 458.29,8 814.53,9 245.01,18 059.54
2023,Tennessee,22 376.02,26 798.71,49 174.73,8 590.08,9 378.70,17 968.79
1997,Texas,29 470.38,21 248.03,50 718.41,21 917.77,16 315.93,38 233.69
1998,Texas,30 156.51,22 776.91,52 933.42,22 100.74,17 040.91,39 141.66
1999,Texas,32 053.92,24 088.11,56 142.04,23 124.47,17 591.80,40 716.27
2000,Texas,33 884.82,26 215.97,60 100.79,23 805.94,18 721.32,42 527.27
2001,Texas,36 050.59,27 403.02,63 453.62,24 623.56,19 057.56,43 681.12
2002,Texas,36 234.19,28 621.47,64 855.66,24 431.11,19 462.60,43 893.71
2003,Texas,36 508.38,30 122.67,66 631.05,24 095.53,20 005.51,44 101.04
2004,Texas,38 434.84,32 141.85,70 576.70,24 404.75,20 706.12,45 110.87
2005,Texas,40 781.15,33 995.98,74 777.13,25 378.36,21 284.44,46 662.80
2006,Texas,42 819.70,36 538.24,79 357.94,26 139.94,22 194.94,48 334.88
2007,Texas,45 141.07,39 074.53,84 215.60,26 447.84,22 951.59,49 399.43
2008,Texas,48 249.43,41 283.28,89 532.70,26 487.99,23 181.89,49 669.88
2009,Texas,48 456.63,41 870.84,90 327.48,26 400.72,22 688.20,49 088.91
2010,Texas,50 228.08,43 139.82,93 367.89,27 205.70,23 081.62,50 287.32
2011,Texas,53 479.63,46 660.21,100 139.84,27 556.37,24 422.02,51 978.38
2012,Texas,57 795.98,50 329.61,108 125.59,28 997.03,25 637.12,54 634.15
2013,Texas,59 781.28,54 316.35,114 097.63,29 640.81,27 047.02,56 687.83
2014,Texas,62 761.75,59 242.05,122 003.80,30 378.26,28 821.03,59 199.29
2015,Texas,63 706.15,65 364.41,129 070.55,30 520.35,30 857.83,61 378.19
2016,Texas,65 411.14,70 248.11,135 659.25,31 788.79,32 513.54,64 302.33
2017,Texas,68 338.59,75 126.45,143 465.03,33 285.43,34 085.10,67 370.53
2018,Texas,70 996.03,79 529.48,150 525.50,34 476.70,35 337.07,69 813.77
2019,Texas,73 606.43,84 648.26,158 254.69,35 500.01,36 489.66,71 989.67
2020,Texas,80 614.79,78 586.80,159 201.59,37 558.47,32 976.31,70 534.78
2021,Texas,87 585.83,98 577.09,186 162.91,39 451.23,39 824.52,79 275.75
2022,Texas,96 441.59,111 979.02,208 420.61,39 002.11,41 976.83,80 978.94
2023,Texas,100 304.68,121 880.75,222 185.44,38 506.66,42 654.39,81 161.05
1997,Utah,3 390.80,2 009.16,5 399.96,2 424.38,1 568.06,3 992.44
1998,Utah,3 449.09,2 119.15,5 568.23,2 392.57,1 610.87,4 003.45
1999,Utah,3 612.46,2 200.69,5 813.15,2 456.14,1 637.53,4 093.67
2000,Utah,3 686.97,2 370.23,6 057.21,2 456.58,1 725.11,4 181.69
2001,Utah,3 803.34,2 474.05,6 277.39,2 432.47,1 745.53,4 178.00
2002,Utah,3 808.67,2 600.71,6 409.38,2 391.20,1 776.31,4 167.52
2003,Utah,4 128.04,2 713.15,6 841.19,2 523.65,1 817.87,4 341.52
2004,Utah,4 602.14,2 921.70,7 523.84,2 712.35,1 899.18,4 611.53
2005,Utah,4 968.83,3 080.03,8 048.86,2 902.01,1 932.89,4 834.90
2006,Utah,5 467.04,3 307.03,8 774.07,3 155.00,2 016.20,5 171.19
2007,Utah,5 955.39,3 548.44,9 503.84,3 282.28,2 088.52,5 370.80
2008,Utah,6 353.34,3 733.39,10 086.73,3 298.14,2 116.85,5 414.99
2009,Utah,6 263.26,3 678.35,9 941.61,3 275.22,2 022.62,5 297.83
2010,Utah,6 230.89,3 800.77,10 031.65,3 277.96,2 065.70,5 343.66
2011,Utah,6 433.39,4 070.33,10 503.72,3 226.81,2 163.64,5 390.45
2012,Utah,6 935.45,4 378.35,11 313.80,3 416.98,2 258.28,5 675.27
2013,Utah,6 914.04,4 772.75,11 686.78,3 376.21,2 410.93,5 787.14
2014,Utah,7 075.95,5 243.85,12 319.80,3 361.43,2 585.03,5 946.46
2015,Utah,7 310.26,5 833.23,13 143.49,3 415.49,2 795.22,6 210.71
2016,Utah,7 617.15,6 292.67,13 909.82,3 600.20,2 919.56,6 519.76
2017,Utah,8 250.45,6 831.43,15 081.88,3 911.63,3 068.92,6 980.56
2018,Utah,8 656.14,7 412.65,16 068.80,4 086.12,3 220.32,7 306.44
2019,Utah,9 178.67,7 958.24,17 136.91,4 267.73,3 338.64,7 606.37
2020,Utah,10 006.22,7 751.61,17 757.83,4 474.10,3 109.51,7 583.61
2021,Utah,11 220.57,9 773.41,20 993.98,4 807.40,3 738.28,8 545.68
2022,Utah,12 772.15,11 018.39,23 790.54,4 911.99,3 928.30,8 840.29
2023,Utah,13 544.62,12 183.63,25 728.25,4 978.66,4 042.53,9 021.19
1997,Vermont,907.35,599.26,1 506.61,669.82,474.6,1 144.42
1998,Vermont,922.67,618.45,1 541.12,671.13,477.83,1 148.96
1999,Vermont,962.59,644.06,1 606.65,685.51,483.72,1 169.22
2000,Vermont,993.75,683.87,1 677.62,696.45,502.85,1 199.30
2001,Vermont,1 025.90,727.54,1 753.44,696.82,519.56,1 216.37
2002,Vermont,1 071.45,750.45,1 821.90,719.95,522.91,1 242.86
2003,Vermont,1 093.59,768.68,1 862.26,718.59,524.63,1 243.22
2004,Vermont,1 137.05,815.98,1 953.03,715.54,542.27,1 257.81
2005,Vermont,1 201.44,839.68,2 041.12,736.58,542.62,1 279.20
2006,Vermont,1 265.88,879.57,2 145.45,758.89,548.48,1 307.38
2007,Vermont,1 308.69,895.11,2 203.80,755.08,535.58,1 290.65
2008,Vermont,1 400.49,910.8,2 311.29,760.9,521.54,1 282.44
2009,Vermont,1 357.39,895.56,2 252.95,730.27,495.92,1 226.19
2010,Vermont,1 355.92,940.34,2 296.26,722.64,512.72,1 235.37
2011,Vermont,1 417.31,991.15,2 408.46,724.21,527.48,1 251.69
2012,Vermont,1 424.33,1 057.08,2 481.41,708.37,547.87,1 256.24
2013,Vermont,1 452.64,1 135.10,2 587.74,716.47,578.56,1 295.03
2014,Vermont,1 520.31,1 245.00,2 765.31,737.26,620.9,1 358.16
2015,Vermont,1 537.45,1 367.98,2 905.43,735.43,666.73,1 402.15
2016,Vermont,1 591.40,1 461.68,3 053.09,771.55,693.92,1 465.48
2017,Vermont,1 644.21,1 589.19,3 233.40,795.92,737.11,1 533.03
2018,Vermont,1 717.84,1 660.95,3 378.79,821.44,749.69,1 571.12
2019,Vermont,1 758.27,1 717.00,3 475.27,834.09,753.38,1 587.48
2020,Vermont,1 842.86,1 391.80,3 234.66,845.26,589.38,1 434.63
2021,Vermont,1 956.44,1 783.20,3 739.64,876.76,720.79,1 597.55
2022,Vermont,2 076.11,2 099.98,4 176.09,844.87,794.15,1 639.02
2023,Vermont,2 096.07,2 273.37,4 369.43,814.07,804.47,1 618.54
1997,Virginia,10 261.94,7 384.63,17 646.57,7 632.03,5 670.51,13 302.54
1998,Virginia,10 563.67,7 683.66,18 247.34,7 741.78,5 748.66,13 490.44
1999,Virginia,11 344.88,8 022.58,19 367.46,8 184.47,5 858.97,14 043.44
2000,Virginia,11 969.45,8 771.57,20 741.02,8 409.19,6 263.95,14 673.14
2001,Virginia,12 527.35,9 163.10,21 690.46,8 556.53,6 372.52,14 929.05
2002,Virginia,12 924.93,9 485.15,22 410.07,8 714.71,6 449.90,15 164.61
2003,Virginia,13 364.23,10 113.67,23 477.90,8 820.39,6 716.84,15 537.23
2004,Virginia,14 224.58,11 037.92,25 262.50,9 032.10,7 110.75,16 142.85
2005,Virginia,15 265.48,11 843.25,27 108.73,9 499.80,7 414.90,16 914.70
2006,Virginia,16 337.39,12 683.81,29 021.20,9 973.41,7 704.71,17 678.12
2007,Virginia,17 457.71,13 421.67,30 879.39,10 228.35,7 883.62,18 111.97
2008,Virginia,18 069.16,13 801.76,31 870.91,9 919.61,7 750.13,17 669.75
2009,Virginia,17 527.21,13 604.72,31 131.93,9 549.38,7 371.87,16 921.25
2010,Virginia,17 951.31,13 854.58,31 805.88,9 723.21,7 412.78,17 135.99
2011,Virginia,18 935.51,14 684.50,33 620.01,9 756.87,7 685.89,17 442.76
2012,Virginia,20 124.05,15 318.40,35 442.45,10 096.51,7 802.95,17 899.46
2013,Virginia,20 119.05,16 067.90,36 186.95,9 975.44,8 001.07,17 976.51
2014,Virginia,20 642.90,17 208.25,37 851.15,9 991.68,8 371.75,18 363.43
2015,Virginia,20 788.98,18 804.03,39 593.01,9 959.59,8 877.18,18 836.77
2016,Virginia,21 193.36,20 079.14,41 272.50,10 299.64,9 293.40,19 593.04
2017,Virginia,22 143.14,21 407.28,43 550.42,10 785.18,9 712.55,20 497.73
2018,Virginia,22 654.95,22 293.56,44 948.52,11 001.57,9 905.63,20 907.20
2019,Virginia,23 157.72,23 165.40,46 323.12,11 168.85,9 986.00,21 154.85
2020,Virginia,24 923.49,20 223.25,45 146.73,11 611.87,8 486.00,20 097.87
2021,Virginia,26 895.64,25 181.53,52 077.16,12 114.58,10 173.18,22 287.76
2022,Virginia,28 442.62,28 557.14,56 999.76,11 502.53,10 705.02,22 207.55
2023,Virginia,28 570.15,30 885.90,59 456.05,10 967.99,10 809.09,21 777.08
1997,Washington,8 935.42,6 203.86,15 139.27,6 388.71,4 841.84,11 230.55
1998,Washington,9 210.17,6 575.86,15 786.03,6 388.94,4 998.66,11 387.60
1999,Washington,9 781.05,6 906.52,16 687.57,6 650.20,5 139.14,11 789.34
2000,Washington,10 356.98,7 401.36,17 758.34,6 900.70,5 386.89,12 287.60
2001,Washington,10 783.38,7 613.61,18 396.99,6 896.62,5 371.68,12 268.30
2002,Washington,11 040.04,7 782.01,18 822.04,6 931.29,5 315.19,12 246.48
2003,Washington,11 585.41,8 240.42,19 825.83,7 082.68,5 521.27,12 603.95
2004,Washington,12 541.12,8 797.67,21 338.78,7 391.32,5 718.72,13 110.04
2005,Washington,13 592.94,9 492.95,23 085.89,7 938.88,5 957.34,13 896.21
2006,Washington,14 512.72,10 237.74,24 750.46,8 375.21,6 241.63,14 616.85
2007,Washington,15 494.85,10 914.44,26 409.29,8 539.90,6 423.95,14 963.84
2008,Washington,16 412.79,11 281.74,27 694.53,8 520.19,6 396.79,14 916.98
2009,Washington,16 253.87,10 944.52,27 198.39,8 499.56,6 018.08,14 517.64
2010,Washington,16 890.99,11 200.03,28 091.02,8 886.06,6 087.16,14 973.22
2011,Washington,17 885.50,11 899.72,29 785.22,8 970.88,6 325.45,15 296.33
2012,Washington,19 480.13,12 617.50,32 097.63,9 597.55,6 507.90,16 105.44
2013,Washington,19 515.50,13 700.64,33 216.14,9 529.66,6 920.80,16 450.46
2014,Washington,19 979.57,15 085.16,35 064.73,9 491.29,7 436.44,16 927.72
2015,Washington,20 376.70,16 839.75,37 216.45,9 520.37,8 069.41,17 589.78
2016,Washington,20 339.06,18 246.75,38 585.82,9 613.14,8 465.79,18 078.94
2017,Washington,21 783.00,19 790.89,41 573.90,10 327.57,8 890.78,19 218.35
2018,Washington,22 723.09,21 274.13,43 997.22,10 726.39,9 242.24,19 968.64
2019,Washington,23 830.28,22 474.05,46 304.34,11 080.18,9 428.30,20 508.48
2020,Washington,25 999.91,19 428.70,45 428.62,11 625.38,7 793.70,19 419.09
2021,Washington,28 791.29,25 168.65,53 959.94,12 335.49,9 626.87,21 962.36
2022,Washington,31 560.99,29 879.08,61 440.07,12 137.92,10 652.55,22 790.48
2023,Washington,31 543.72,33 281.63,64 825.34,11 594.69,11 042.84,22 637.53
1997,West Virginia,2 524.83,1 450.93,3 975.76,1 877.77,1 114.14,2 991.91
1998,West Virginia,2 471.92,1 521.97,3 993.88,1 811.59,1 138.68,2 950.27
1999,West Virginia,2 485.80,1 558.03,4 043.83,1 793.32,1 137.84,2 931.16
2000,West Virginia,2 425.94,1 663.15,4 089.09,1 704.35,1 187.69,2 892.04
2001,West Virginia,2 439.64,1 740.20,4 179.85,1 666.34,1 210.23,2 876.58
2002,West Virginia,2 414.13,1 822.73,4 236.86,1 627.74,1 239.46,2 867.20
2003,West Virginia,2 443.31,1 923.57,4 366.87,1 612.58,1 277.51,2 890.09
2004,West Virginia,2 590.97,2 019.71,4 610.68,1 645.17,1 301.12,2 946.29
2005,West Virginia,2 730.94,2 082.00,4 812.93,1 699.48,1 303.51,3 002.99
2006,West Virginia,2 843.56,2 196.94,5 040.50,1 735.90,1 334.52,3 070.41
2007,West Virginia,2 953.14,2 255.83,5 208.96,1 730.22,1 325.03,3 055.25
2008,West Virginia,3 147.28,2 383.22,5 530.50,1 727.80,1 338.25,3 066.05
2009,West Virginia,3 111.77,2 425.32,5 537.10,1 695.39,1 314.19,3 009.58
2010,West Virginia,3 279.97,2 528.57,5 808.53,1 776.57,1 352.89,3 129.46
2011,West Virginia,3 467.86,2 694.28,6 162.14,1 786.88,1 410.19,3 197.07
2012,West Virginia,3 699.81,2 855.90,6 555.71,1 856.25,1 454.75,3 311.00
2013,West Virginia,3 712.78,2 948.13,6 660.90,1 840.87,1 468.03,3 308.90
2014,West Virginia,3 781.53,3 067.86,6 849.39,1 830.36,1 492.50,3 322.86
2015,West Virginia,3 778.11,3 246.02,7 024.14,1 810.02,1 532.41,3 342.43
2016,West Virginia,3 870.36,3 339.82,7 210.18,1 880.93,1 545.80,3 426.73
2017,West Virginia,3 958.03,3 480.55,7 438.58,1 927.82,1 579.14,3 506.96
2018,West Virginia,4 020.35,3 583.76,7 604.11,1 952.34,1 592.36,3 544.70
2019,West Virginia,4 013.63,3 736.70,7 750.33,1 935.75,1 610.79,3 546.55
2020,West Virginia,4 206.44,3 370.82,7 577.26,1 959.78,1 414.45,3 374.23
2021,West Virginia,4 553.35,4 150.21,8 703.56,2 050.96,1 676.66,3 727.62
2022,West Virginia,4 471.09,4 413.83,8 884.92,1 808.16,1 654.58,3 462.75
2023,West Virginia,4 431.08,4 596.70,9 027.79,1 701.08,1 608.70,3 309.78
1997,Wisconsin,7 209.91,4 590.80,11 800.71,5 392.21,3 501.00,8 893.21
1998,Wisconsin,7 345.97,4 821.72,12 167.69,5 395.79,3 584.37,8 980.16
1999,Wisconsin,7 750.98,5 106.60,12 857.58,5 575.86,3 702.76,9 278.62
2000,Wisconsin,8 209.14,5 468.71,13 677.85,5 771.97,3 856.23,9 628.20
2001,Wisconsin,8 490.05,5 698.73,14 188.78,5 789.13,3 906.28,9 695.41
2002,Wisconsin,8 478.22,5 876.79,14 355.02,5 736.88,3 943.51,9 680.39
2003,Wisconsin,8 781.88,6 201.05,14 982.93,5 859.68,4 079.82,9 939.50
2004,Wisconsin,9 193.10,6 587.46,15 780.56,5 961.27,4 209.55,10 170.82
2005,Wisconsin,9 642.54,6 918.34,16 560.89,6 121.66,4 275.02,10 396.67
2006,Wisconsin,9 879.34,7 291.29,17 170.64,6 173.25,4 385.94,10 559.19
2007,Wisconsin,10 259.85,7 550.43,17 810.28,6 166.08,4 390.63,10 556.71
2008,Wisconsin,10 561.46,7 687.17,18 248.63,5 965.46,4 267.86,10 233.32
2009,Wisconsin,10 213.22,7 606.32,17 819.54,5 714.56,4 071.00,9 785.56
2010,Wisconsin,10 364.34,7 794.53,18 158.87,5 773.35,4 126.37,9 899.72
2011,Wisconsin,10 857.92,8 164.08,19 021.99,5 776.69,4 215.79,9 992.48
2012,Wisconsin,11 998.57,8 592.57,20 591.15,6 220.57,4 311.65,10 532.22
2013,Wisconsin,12 272.38,9 076.46,21 348.84,6 327.53,4 447.14,10 774.67
2014,Wisconsin,12 726.58,9 673.48,22 400.06,6 402.73,4 612.19,11 014.92
2015,Wisconsin,12 656.97,10 576.87,23 233.83,6 332.72,4 893.39,11 226.11
2016,Wisconsin,12 971.77,11 197.48,24 169.25,6 577.69,5 051.30,11 628.99
2017,Wisconsin,13 271.45,11 980.45,25 251.90,6 753.76,5 315.69,12 069.44
2018,Wisconsin,13 675.20,12 461.16,26 136.36,6 957.19,5 399.88,12 357.06
2019,Wisconsin,13 953.24,12 942.39,26 895.64,7 063.83,5 462.47,12 526.30
2020,Wisconsin,14 881.95,11 466.26,26 348.22,7 322.61,4 719.25,12 041.87
2021,Wisconsin,15 935.41,14 238.06,30 173.46,7 580.98,5 576.39,13 157.37
2022,Wisconsin,16 751.67,15 922.40,32 674.07,7 061.43,5 735.20,12 796.63
2023,Wisconsin,17 198.63,16 978.36,34 177.00,6 890.40,5 725.53,12 615.93
1997,Wyoming,879.43,538.61,1 418.04,628.78,420.37,1 049.14
1998,Wyoming,877.18,564.33,1 441.50,608.48,428.97,1 037.46
1999,Wyoming,906.79,593.38,1 500.17,616.53,441.53,1 058.07
2000,Wyoming,932.19,640.03,1 572.22,621.1,465.83,1 086.93
2001,Wyoming,1 005.86,651.64,1 657.50,643.31,459.75,1 103.06
2002,Wyoming,1 018.48,695.52,1 714.00,639.44,475.04,1 114.48
2003,Wyoming,1 067.01,737.51,1 804.52,652.31,494.15,1 146.46
2004,Wyoming,1 160.66,795.27,1 955.94,684.06,516.95,1 201.01
2005,Wyoming,1 237.02,840.54,2 077.56,722.47,527.49,1 249.96
2006,Wyoming,1 310.78,890.9,2 201.68,756.44,543.15,1 299.60
2007,Wyoming,1 326.12,944.66,2 270.78,730.88,556,1 286.89
2008,Wyoming,1 365.98,992.97,2 358.95,709.11,563.02,1 272.12
2009,Wyoming,1 280.77,963.94,2 244.71,669.75,530.04,1 199.79
2010,Wyoming,1 273.65,984.76,2 258.41,670.05,535.21,1 205.26
2011,Wyoming,1 285.89,1 043.41,2 329.29,644.97,554.64,1 199.60
2012,Wyoming,1 373.39,1 108.52,2 481.92,676.65,571.76,1 248.41
2013,Wyoming,1 407.38,1 172.69,2 580.07,687.24,592.38,1 279.62
2014,Wyoming,1 468.03,1 259.17,2 727.20,697.39,620.73,1 318.11
2015,Wyoming,1 500.94,1 375.37,2 876.31,701.26,659.06,1 360.33
2016,Wyoming,1 518.31,1 413.75,2 932.06,717.62,655.93,1 373.55
2017,Wyoming,1 574.61,1 493.37,3 067.98,746.54,670.87,1 417.42
2018,Wyoming,1 625.98,1 566.10,3 192.08,767.54,680.37,1 447.91
2019,Wyoming,1 667.24,1 654.03,3 321.27,775.2,693.9,1 469.10
2020,Wyoming,1 803.43,1 593.64,3 397.07,806.37,639.28,1 445.65
2021,Wyoming,1 964.56,2 036.57,4 001.13,841.7,778.98,1 620.68
2022,Wyoming,2 088.80,2 197.71,4 286.50,803.32,783.53,1 586.85
2023,Wyoming,2 125.13,2 336.42,4 461.55,781.15,775.22,1 556.37
"FAH = food at home, FAFH = food away from home.",,,,,,,
"Note: These estimates are for sales only and exclude food furnished, donated, home produced, and served at educational institutions. The State sales are benchmarked to the national sales. In February 2024, the State-Level Food Expenditure Series underlying data were replaced. See the USDA, Economic Research Service (ERS) report, Addendum to Estimating the State-Level Food Expenditure Series (2024) and the Food Expenditure Series Documentation page for more details. ",,,,,,,
"Source: Calculated by USDA, ERS from various sources, June 3, 2024.",,,,,,,
